node_id,strength,times_accessed,merge_count,prediction_error,context_length,action_count,has_predecessor,has_successor,similar_contexts_count
af7da4f9-a64a-42c9-8e00-328ea2e6a2ad,1.0,0,0,0.49447442101981154,10,1,False,True,0
c7fa5e4e-692b-45d9-9e00-04c6f8f3e59a,1.0,0,0,0.46340632069197485,10,1,True,True,0
9c73196b-dafa-4cb5-b928-80bc72d781c3,1.0,0,0,0.879131196833377,10,1,True,True,0
b46447c7-7552-4d80-9a66-0d0c5136cfa1,1.0,0,0,0.668349609085757,10,1,True,True,0
253429e3-ebe0-479d-8b51-841103b5b81e,1.0,0,0,0.02671482607993625,10,1,True,True,0
b8dc23f6-53aa-412c-ad8a-33ccf7eb2981,1.0,0,0,0.5684227872905153,10,1,True,True,0
42677818-d268-44bc-b186-402b1d11c0d1,1.0,0,0,0.5837294034806095,10,1,True,True,0
d9d66ccb-adcd-43d5-b849-01035c582918,1.0,0,0,0.9026380397235492,10,1,True,True,0
9a054b9b-6f9c-48e1-ac89-0016f4108f1f,1.0,0,0,0.8364653845794201,10,1,True,True,0
8337ed44-bcd6-4280-afbd-cf515d15f31a,1.0,0,0,0.15170678734624,10,1,True,True,0
82affa57-e256-4ea1-9eba-7825bec3768a,1.0,0,0,0.2682267547909236,10,1,True,True,0
cc4fbe12-d1d3-4bb2-ab97-65b8ab9dd453,1.0,0,0,0.6270458022198548,10,1,True,True,0
cb508b45-39cc-4fd7-bb37-bcd8418120e6,1.0,0,0,0.7368134394724645,10,1,True,True,0
4ad3e09b-8640-44f0-94ca-a3bd20b0f279,1.0,0,0,0.4643037897979262,10,1,True,True,0
55e2335c-425e-4451-af93-637de2940079,1.0,0,0,0.41194393669037466,10,1,True,True,0
6aa3597b-3327-4d2a-a19a-cae8e59e4897,1.0,0,0,0.7242388619778304,10,1,True,True,0
27ace1bc-047b-4b9e-852a-91d1248ab112,1.0,0,0,0.06346197949592125,10,1,True,True,0
cdbb6b13-2608-4b1d-8f56-b26703ff4ea0,1.0,0,0,0.63270772727426,10,1,True,True,0
dad9c93c-7834-47df-9eba-0951f08fd8e6,1.0,0,0,0.6791096416745875,10,1,True,True,0
e26a1868-121f-49c6-928b-b2366ffffe44,1.0,0,0,0.024771927632713964,10,1,True,True,0
28a9529f-a613-4e64-a04c-88c4c4153169,1.0,0,0,0.7544098769046886,10,1,True,True,0
c52d5d7a-cf63-490f-809b-2b7605100702,1.0,0,0,0.1273594519791047,10,1,True,True,0
578a86ad-4fdf-4070-bf96-372172dfdbf4,1.0,0,0,0.291300415673839,10,1,True,True,0
202e0ee4-cce4-4a28-87a9-255277cd1d61,1.0,0,0,0.2283964832534936,10,1,True,True,0
61e5b7d5-b033-4894-ade5-6416569a7270,1.0,0,0,0.5749355102380854,10,1,True,True,0
a9133fd8-1278-4a68-98cb-5f00fe5fdece,1.0,0,0,0.5781697283603401,10,1,True,True,0
98b0eaa1-eef4-4b47-b734-0893f5a63aa9,1.0,0,0,0.24100221473771877,10,1,True,True,0
3717b292-0bcc-448e-ad23-2e29820c5927,1.0,0,0,0.9833577438084893,10,1,True,True,0
435925b7-2b61-4b02-ba17-d6a62903f161,1.0,0,0,0.9737559406326132,10,1,True,True,0
b0827a33-ca1d-436e-8987-82cd9049d350,1.0,0,0,0.7527088165529537,10,1,True,True,0
b13e0673-983d-47ad-8704-7d3f486490cc,1.0,0,0,0.1619929093565895,10,1,True,True,0
6ca672ee-aa6d-4871-aced-da245df04758,1.0,0,0,0.31364493940196203,10,1,True,True,0
408433b0-adc8-46cd-a6a3-66adffc0d587,1.0,0,0,0.8667728560310475,10,1,True,True,0
bc1a0280-4896-4999-8729-c0da8fe06b87,1.0,0,0,0.1580045821010616,10,1,True,True,0
175ae1e4-206d-4947-bd8c-6fe0162bb44f,1.0,0,0,0.7943476853456531,10,1,True,True,0
e3940166-996b-46b9-8d0a-60f2cefee62d,1.0,0,0,0.7368705931234875,10,1,True,True,0
9a0f0fae-1eb8-42ea-82b7-2c5dfadc0602,1.0,0,0,0.6750918316532104,10,1,True,True,0
f894ff46-a707-44cc-bf9a-bcbf0e4b862b,1.0,0,0,0.7936606916942324,10,1,True,True,0
48c78c4f-4929-43b7-9ff9-928212c4a9e3,1.0,0,0,0.7182291318400839,10,1,True,True,0
a9b4f228-5b20-4c6d-9fdb-ce6c4636b2c0,1.0,0,0,0.23705811295375723,10,1,True,True,0
49712635-c294-4157-9e3c-39dd6b0b9192,1.0,0,0,0.8348498626537306,10,1,True,True,0
fc0b76be-2db8-4b8a-9c30-69245f252a3b,1.0,0,0,0.736416715868842,10,1,True,True,0
d9cff3d6-40d2-401d-8a4b-a920d3a2231e,1.0,0,0,0.369049908013541,10,1,True,True,0
47aa332e-674f-4c4b-acc6-6c0392763bc0,1.0,0,0,0.454561904354875,10,1,True,True,0
0b6b35d5-05db-43dd-ba09-a0c57fbafa10,1.0,0,0,0.42871760630724465,10,1,True,True,0
cd679d7a-2127-47ba-b7af-26cc2e22be18,1.0,0,0,0.19220630560355534,10,1,True,True,0
fae4b459-1859-4944-8763-792b30ecc255,1.0,0,0,0.2169560511422317,10,1,True,True,0
3ded230f-56e2-4546-9504-4054abfbf26c,1.0,0,0,0.5825292902113426,10,1,True,True,0
e944b807-5c63-4575-9410-982b37634084,1.0,0,0,0.8652001538921972,10,1,True,True,0
ebee7152-bf8b-444b-954d-18e160773690,1.1,1,0,0.062369884206083914,10,1,True,True,0
5d4377ec-60d1-4d99-abe5-8e3c1e57523e,1.0,0,0,0.45686561912765045,10,1,True,True,0
36280a25-aee9-4b53-9d87-0726a68705f9,1.0,0,0,0.4272055031287382,10,1,True,True,0
fb176439-8bc6-4970-9d5b-f929a780e7f7,1.0,0,0,0.21281770536377942,10,1,True,True,0
389b34c0-3cd8-463a-84a1-99efdb06968a,1.0,0,0,0.9941387527698512,10,1,True,True,0
83465f11-b8c4-4115-9e4a-8cc2919d4a5a,1.0,0,0,0.05113445232000191,10,1,True,True,0
2228803c-7aff-4857-a6af-9f0c281a85ca,1.0,0,0,0.1939459640051313,10,1,True,True,0
faf80894-722a-4a20-93cf-22363aca4a1b,1.0,0,0,0.12448899569545668,10,1,True,True,0
633467e6-0f3e-4db1-a512-4e1cf8c3864d,1.0,0,0,0.2930528731561346,10,1,True,True,0
3ff738c8-b47e-4af3-bd23-f25e2b4dab58,1.0,0,0,0.9668349256185468,10,1,True,True,0
85c62240-f513-47a1-ad90-97bd63bed47e,1.0,0,0,0.7221699147491988,10,1,True,True,0
10050a4a-0710-42b7-a7ce-6ee67451b52a,1.0,0,0,0.15200526372516399,10,1,True,True,0
531231c0-6336-414d-8abc-4621628647d8,1.0,0,0,0.4654552157842824,10,1,True,True,0
8b9ee21b-1e1b-471b-ab4d-2b5527a3c2b4,1.0,0,0,0.21254208526855245,10,1,True,True,0
15551ab6-2456-4841-8fa0-ef6a1ed886d7,1.1,1,0,0.8003794102294987,10,1,True,True,0
07c82644-9a58-41d9-bb79-fa120bc88097,1.0,0,0,0.15381913605761888,10,1,True,True,0
f678a6ae-e8e8-4ead-9c48-d901d9dc2631,1.0,0,0,0.10226936025512867,10,1,True,True,0
83275abc-4436-4c77-8258-113af20fcf46,1.0,0,0,0.7053575784583693,10,1,True,True,0
704c3588-4e3f-4641-a7a2-a916c2c3279f,1.0,0,0,0.49909137810874793,10,1,True,True,0
35ead5e4-cd54-4316-9d0f-691fbcadec1c,1.0,0,0,0.8540468765029983,10,1,True,True,0
2107b018-2b42-479b-be72-d8f158c938f5,1.0,0,0,0.9925216786824115,10,1,True,True,0
55708986-49af-4637-bc64-b99e0e0595dd,1.0,0,0,0.34366150565845144,10,1,True,True,0
81f94cc6-bdf5-44cd-83d5-ef2f9c79a636,1.0,0,0,0.5177524819522878,10,1,True,True,0
8f058353-7d6c-4967-926b-0888e9f61974,1.0,0,0,0.35904226185418864,10,1,True,True,0
8701fd53-6d75-4c94-a4c5-e134adc0ef60,1.0,0,0,0.7563478518292795,10,1,True,True,0
f9f83fb2-9abc-4af9-b04b-ec2ebea94cbe,1.1,1,0,0.8461700138503103,10,1,True,True,0
5dcb6743-f91b-4453-ad37-7b2a0cfeb2a3,1.0,0,0,0.20597663768428265,10,1,True,True,0
473947cb-5388-4834-8fdd-ae292ce6b70d,1.0,0,0,0.2505389652041604,10,1,True,True,0
3a1cd0e1-93ab-45a9-8c2b-3ecba74560e7,1.0,0,0,0.4816526599098613,10,1,True,True,0
7d6a9d1d-6fd5-4b62-a6f6-e408a4226172,1.0,0,0,0.03733587724986809,10,1,True,True,0
86600cfb-52d5-4b16-bfca-72bd2f14a886,1.0,0,0,0.6935186873770528,10,1,True,True,0
17840d05-a85f-43e9-aff5-997c24ad3fee,1.0,0,0,0.8585007424081844,10,1,True,True,0
760ae30f-2358-4aa5-875d-f9a76ea4c815,1.0,0,0,0.504801275986047,10,1,True,True,0
93ec4cee-7aa4-4920-88f7-a0cda829b4a1,1.1,1,0,0.7709738080257738,10,1,True,True,0
5fabe85d-76ba-451f-bece-6a20221ec928,1.1,1,0,0.5820109510801003,10,1,True,True,0
5572becd-c7cb-4823-9fc0-2afcc3e481f1,1.0,0,0,0.4779940132750393,10,1,True,True,0
9b352c06-3c73-4ec4-9cf2-f8511aad0ea5,1.0,0,0,0.9613891314323904,10,1,True,True,0
30468941-600b-419b-b241-1df21031b26a,1.0,0,0,0.9666742884144319,10,1,True,True,0
76a0c415-4344-42c6-bb41-ec2f38df2e1a,1.1,1,0,0.1820922280466991,10,1,True,True,0
281c8f73-e8bb-4d6f-a138-9b5731bb9170,1.0,0,0,0.377243527730306,10,1,True,True,0
27684658-033d-4afc-bddb-d0da4ec7bfab,1.0,0,0,0.3552716072936182,10,1,True,True,0
07eae55e-bc39-4b01-866b-803f7fdb180b,1.0,0,0,0.6129330236712658,10,1,True,True,0
a39fa1ac-5d83-4e20-83e8-f1ea04b56a82,1.0,0,0,0.6815565616069658,10,1,True,True,0
42f0c119-49d9-4c92-8d4d-da906da3b325,1.0,0,0,0.2176894918312816,10,1,True,True,0
de976e8e-7357-4325-8cf2-9a576d0920a5,1.0,0,0,0.7816015749222226,10,1,True,True,0
9150cb1b-eb40-437f-9ae7-463c32061727,1.0,0,0,0.552698128883471,10,1,True,True,0
d03877dc-4ed0-4a30-af93-306ecb6321dd,1.0,0,0,0.5720259783002007,10,1,True,True,0
6ade1c49-e669-4d04-9141-2c18e5a3c740,1.0,0,0,0.4110084669715899,10,1,True,True,0
c7bd5d0e-ad6f-4c44-8c62-751f4a63e089,1.1,1,0,0.868726825797614,10,1,True,True,0
843612a9-588b-42c6-890d-0eabf5fb69a1,1.0,0,0,0.3119443130923214,10,1,True,True,0
e8f25223-5857-4e8c-971c-7903305dc827,1.0,0,0,0.9035815858712244,10,1,True,True,0
f995aa25-d3ab-4642-8ca3-9a596d945da5,1.0,0,0,0.5676184493293763,10,1,True,True,0
7e491195-99ef-43fb-8a7b-89e3e6f61b6b,1.0,0,0,0.03355293312143448,10,1,True,True,0
5b2f8019-d2e4-4353-9c7a-dbc6a50856c9,1.0,0,0,0.09512263152476952,10,1,True,True,0
5a4e5b76-4e8b-4982-b721-379a798d2384,1.0,0,0,0.3884692893292312,10,1,True,True,0
39fe04ec-8b0a-429d-865c-f42285ba3912,1.0,0,0,0.11505419438807485,10,1,True,True,0
0f1ba73b-ffc2-42f8-895f-a211bfa51f4a,1.0,0,0,0.6602041597611712,10,1,True,True,0
640576e6-3530-4f0d-90ee-b4544a8e2d4a,1.0,0,0,0.6061561359390424,10,1,True,True,0
1c627d8e-eda5-4f7d-96fe-3c63e44fc4f8,1.1,1,0,0.4221593409876462,10,1,True,True,0
9b1834b2-789a-4c58-ac57-d4db06d1643e,1.0,0,0,0.32380614797466234,10,1,True,True,0
172e590f-5231-4f48-a7ec-bcec849b6792,1.0,0,0,0.3009667014198295,10,1,True,True,0
6e486ef9-e536-444e-ab07-75277eaeac01,1.0,0,0,0.3877622624240177,10,1,True,True,0
e8485d95-086d-484a-a893-0ee3500dcc3e,1.0,0,0,0.7376337092627484,10,1,True,True,0
5138debd-420d-4f70-b7b5-511c386a6de0,1.0,0,0,0.28151004982192773,10,1,True,True,0
474a41d6-2a10-42df-8605-aa1507fb5b92,1.0,0,0,0.7321130070656154,10,1,True,True,0
ad41387b-3dd6-4ba9-a0cd-68d115e630b5,1.0,0,0,0.9670648679477171,10,1,True,True,0
99851079-e9e9-46ac-904b-0a3cb26cf1bc,1.0,0,0,0.8228235578943942,10,1,True,True,0
51898b9f-ff60-41f3-a541-914c540d3bb0,1.0,0,0,0.9718482018602282,10,1,True,True,0
576da9d9-593c-42f8-b534-f8121e089022,1.0,0,0,0.9054247374450876,10,1,True,True,0
a3ec586f-9e78-49f1-9cef-61930f027e18,1.0,0,0,0.7231582706402562,10,1,True,True,0
bacc5096-088a-4161-ac1d-80e2ebb84267,1.0,0,0,0.07978250027200418,10,1,True,True,0
a7a64756-beb7-4a0b-8336-ff2add403e97,1.0,0,0,0.6558206177509454,10,1,True,True,0
ebb83894-4bef-4873-9684-0d5744ea5ae1,1.0,0,0,0.8040636403591139,10,1,True,True,0
308e4b30-e3c9-426b-973f-74cf169be592,1.1,1,0,0.47483596976421094,10,1,True,True,0
55a839e2-9a0a-4a0d-a59e-94f5df6b32ab,1.1,1,0,0.3351468200253681,10,1,True,True,0
533d9934-cb15-4f2e-bb9c-cd65d2fffb4c,1.1,1,0,0.7446552831584672,10,1,True,True,0
d8a105de-dd1e-4fe2-9ccb-9a7f5d0c9c57,1.0,0,0,0.860688168077612,10,1,True,True,0
6d9d6df1-be32-4fd6-ae80-20e405177626,1.0,0,0,0.5127304088564065,10,1,True,True,0
33c50300-351b-4845-bd02-14d98a74dc51,1.0,0,0,0.8720957936621163,10,1,True,True,0
f37a2c5f-90ae-4c76-a3fb-33c235123ad5,1.0,0,0,0.48872219133730965,10,1,True,True,0
d72ba3d2-9d96-4e07-8c38-0b0f5961d16f,1.0,0,0,0.24075039074192273,10,1,True,True,0
0e48d8a7-37b7-4241-9f35-e3aa0c2b4206,1.0,0,0,0.5841215844933129,10,1,True,True,0
d6a4f45c-fde7-46a5-ab22-1c925eb8812a,1.1,1,0,0.013475117343783483,10,1,True,True,0
1a7bd30d-5560-48a3-889d-90caf4924a7b,1.1,1,0,0.40191000903913277,10,1,True,True,0
3385d754-fdf9-4a5f-8409-f7c1456def7f,1.0,0,0,0.08008880442590982,10,1,True,True,0
34dbfdac-67d7-443e-9eb6-60f469dd21af,1.0,0,0,0.3606001316148516,10,1,True,True,0
b3ea1fb1-1821-4dd1-ab5f-bdac214034b3,1.0,0,0,0.23594738791323266,10,1,True,True,0
2158136f-9f22-48cc-b641-911f2f564076,1.0,0,0,0.6816683937159227,10,1,True,True,0
5274695e-a6d9-4425-adc0-bc2e0d989379,1.1,1,0,0.6428543406299885,10,1,True,True,0
83155be1-d976-4560-8ec1-af52bd85621c,1.0,0,0,0.7993427741742172,10,1,True,True,0
def7f364-b16c-4626-a60c-a7adfa75d79f,1.0,0,0,0.9069840126454787,10,1,True,True,0
daaba601-ad10-401c-9a96-2ea6c1fe7f60,1.0,0,0,0.12148165088159113,10,1,True,True,0
a187180f-d685-4e68-8e8a-abc5e1776199,1.0,0,0,0.055656566436440125,10,1,True,True,0
316965d4-5e89-4626-a7d2-6b270207d2ac,1.0,0,0,0.40426873886283243,10,1,True,True,0
77d56e12-ba7e-4d73-809f-00d25c4a4ae2,1.0,0,0,0.03201230558978385,10,1,True,True,0
ce27296b-8533-467f-b476-4818ae6cd4c8,1.0,0,0,0.2537375339251283,10,1,True,True,0
13fef430-61b2-4b2d-9aa1-b1a899bcc0d6,1.0,0,0,0.5406244186630619,10,1,True,True,0
e07ed0b0-ded6-4df1-8741-f79af5afd413,1.0,0,0,0.4609682359772336,10,1,True,True,0
8c2c7058-893e-4634-82dc-2c8cbabefc51,1.1,1,0,0.8093751410660461,10,1,True,True,0
5d7e7180-3972-451e-97ec-814e016f77f8,1.0,0,0,0.29385021847242976,10,1,True,True,0
54ddd031-0fa6-400c-935b-faff74f3a0c7,1.0,0,0,0.750033869814604,10,1,True,True,0
092b2074-ec07-43b9-bf0c-3de5da2b96b6,1.0,0,0,0.5130036627921196,10,1,True,True,0
cbf25336-b01a-4c3d-b920-52442ba47eb0,1.0,0,0,0.1711547197603096,10,1,True,True,0
d6365d7a-38be-4b72-85df-a0531aa6585c,1.0,0,0,0.22279346999902905,10,1,True,True,0
759f9d6d-af15-4489-adde-9def57a0255d,1.0,0,0,0.21609901927918906,10,1,True,True,0
7a83625c-0c25-49da-8307-afc4ad7dd7aa,1.0,0,0,0.17816898015520422,10,1,True,True,0
ac899a7a-7fc6-4ec4-917f-97c914383e9d,1.0,0,0,0.07643283316563798,10,1,True,True,0
35c8e753-aa63-4b75-a793-573295ec3cb4,1.0,0,0,0.05025128865335726,10,1,True,True,0
401d55e3-d570-41da-b15f-833c294fab85,1.0,0,0,0.19519666115698564,10,1,True,True,0
714466bf-82d4-4263-9ed3-31c4cb5d6cd9,1.0,0,0,0.2936319487470339,10,1,True,True,0
4246e6de-0627-447b-84f2-ec5623fa5f43,1.1,1,0,0.26228487486191443,10,1,True,True,0
5d5c0d3c-b4b2-41b4-9416-77abf18ba524,1.0,0,0,0.3090977947649517,10,1,True,True,0
4fadcddf-74f7-47b8-b517-5ff1fe08a3f4,1.0,0,0,0.4096891505285384,10,1,True,True,0
89a26b55-19bd-4ac4-8a09-33b06481e9c9,1.0,0,0,0.7669956323267606,10,1,True,True,0
ed167bfc-afe4-4330-a692-75ef249c231d,1.0,0,0,0.5387445635130241,10,1,True,True,0
dcc9b8eb-e3b0-4efd-8896-d8a6edaca9cf,1.0,0,0,0.18049002772102007,10,1,True,True,0
81e2819c-21dc-424c-88ee-afb8f283cef5,1.0,0,0,0.3752056751039692,10,1,True,True,0
3d916879-783d-4d61-9424-b0da1a4af448,1.0,0,0,0.28319269280326753,10,1,True,True,0
e0a1e303-7d9a-41f9-9438-af04689a1dab,1.0,0,0,0.8852960390720267,10,1,True,True,0
f781bcc8-eab4-4184-8985-10659e466062,1.0,0,0,0.5754012486105442,10,1,True,True,0
b73e08b1-2989-477e-83f8-cf6096171e41,1.1,1,0,0.3805952438659108,10,1,True,True,0
74c6cb2d-79e0-4721-9fed-7a0c7cc1fecd,1.0,0,0,0.06117935603549407,10,1,True,True,0
5e6f3ae4-e1f1-419a-974a-674306bb090c,1.0,0,0,0.06884545139427833,10,1,True,True,0
49c2cd00-6fb0-4e1c-80e2-a2808fd4ae77,1.0,0,0,0.35671237982083615,10,1,True,True,0
9901b969-06ff-4057-b2a5-c82d840482ab,1.0,0,0,0.17129159736129274,10,1,True,True,0
114c1b96-4a9f-4bed-ab01-3c16772434b7,1.0,0,0,0.6916960467990089,10,1,True,True,0
9cd06eef-16bb-4e2d-8978-22ff05ba3b59,1.0,0,0,0.4859730684192184,10,1,True,True,0
5c3607e1-9404-4bc3-a54d-558ad95262fa,1.0,0,0,0.4613693060785343,10,1,True,True,0
ebe36cd7-4ecb-4f9c-9b2d-61c69884bf32,1.0,0,0,0.3485150745161919,10,1,True,True,0
c3b7b369-6a5d-441a-b76b-52ed3c8af632,1.0,0,0,0.20196373394832323,10,1,True,True,0
a0046fd3-8d8a-4178-be2d-0b8fb67e2249,1.0,0,0,0.5011049238024037,10,1,True,True,0
9bbf1b74-2606-4eb0-9a46-a82658ae8f78,1.0,0,0,0.9165880609653505,10,1,True,True,0
67204f13-914b-48cb-8d5e-7eb000378383,1.0,0,0,0.669004590740394,10,1,True,True,0
2d9e267e-a2fc-4360-a47c-e0b31c70c047,1.0,0,0,0.16281674557492265,10,1,True,True,0
58646e87-d1a6-4693-b4db-73a4719bdff5,1.0,0,0,0.9895602160330375,10,1,True,True,0
45125201-cf14-4bf5-9807-dbea593f1377,1.0,0,0,0.6969929660389473,10,1,True,True,0
04f9b868-17f3-4d27-b5b7-37ca5be23cf0,1.0,0,0,0.029609081098617818,10,1,True,True,0
f02431f7-e061-43e1-af4f-51835be8bf16,1.0,0,0,0.1549801993061971,10,1,True,True,0
ec432748-95c6-4ba9-b6f4-9d5a54e3ce9a,1.0,0,0,0.46943398488695864,10,1,True,True,0
5e8bbf05-165d-4be4-942e-eae23cf1fe29,1.0,0,0,0.16767582887597954,10,1,True,True,0
70a1716f-f38d-4311-8752-f507526f4db3,1.0,0,0,0.13427366224762294,10,1,True,True,0
603433c3-1fd7-4de8-8ef0-d5fe93e22545,1.0,0,0,0.8125081641031152,10,1,True,True,0
f803281b-c9b0-4482-92c5-5d0f6c533728,1.0,0,0,0.8177492692452443,10,1,True,True,0
1dd60cfa-035a-45b2-91ff-e001218b1526,1.0,0,0,0.8412838431261759,10,1,True,True,0
4d9f6acb-6ff9-4aa6-8cb8-7b2b5ba88848,1.0,0,0,0.05949854367813445,10,1,True,True,0
406f8c58-e4af-4b55-9b7f-74d8b735544e,1.0,0,0,0.39497641778539905,10,1,True,True,0
20e3278b-1a20-4d38-bf74-301c774b43c7,1.0,0,0,0.8690566289875193,10,1,True,True,0
6ab1a698-e357-442e-a105-45957f5c7e92,1.0,0,0,0.557710056479704,10,1,True,True,0
141f4af7-04a3-48ea-965e-154189b903c3,1.0,0,0,0.5567564247083271,10,1,True,True,0
49684747-e099-4d23-8710-b47814a47130,1.0,0,0,0.9008551195690441,10,1,True,True,0
bf60fd95-1675-4c28-8aad-37ec639e89f0,1.0,0,0,0.292644800523047,10,1,True,True,0
0ba8ec0c-da8e-4694-b084-55f68750184e,1.1,1,0,0.9228994049030065,10,1,True,True,0
93eda063-4729-4a79-85ca-fb942bfcf1a4,1.0,0,0,0.2522176998253842,10,1,True,True,0
4316e294-d831-42bc-b8b9-b0d1bcaa2a43,1.0,0,0,0.9570876995895558,10,1,True,True,0
4ce853e4-6b5d-4970-aa4f-985ebcb18f80,1.0,0,0,0.16177910416402896,10,1,True,True,0
43bb9124-d975-4d0d-bc1b-4e87d7c2db66,1.0,0,0,0.7515951306178484,10,1,True,True,0
b86cec60-aaad-4efd-9d5f-429b3f4b8677,1.0,0,0,0.22002883640558002,10,1,True,True,0
332d7856-867f-45e8-81bf-67c0cd9e6a44,1.0,0,0,0.09347363211066628,10,1,True,True,0
190b68ba-c46f-4a0e-bf16-b1ce687f4e3b,1.0,0,0,0.7915072567153741,10,1,True,True,0
f515ba8f-8fca-4061-b570-0ae8d7586bff,1.0,0,0,0.6897217484390965,10,1,True,True,0
a3195e18-cbcf-4f0e-883f-2514c5a64a4f,1.0,0,0,0.4834523640854418,10,1,True,True,0
4fef0f38-c2ea-439e-bd39-db7b41fae951,1.0,0,0,0.9242476192635642,10,1,True,True,0
bbdcbe04-cf4c-4b84-8f4a-c3d4e9523f3e,1.0,0,0,0.3468882079400847,10,1,True,True,0
dfbb31eb-9a09-45de-9102-f616b01a440d,1.0,0,0,0.30542431127440406,10,1,True,True,0
2e0e2ca1-aa2a-4843-919a-d83159aaec77,1.0,0,0,0.43373244417011425,10,1,True,True,0
ae26c74f-000f-44dd-8db8-11764798d369,1.0,0,0,0.7490618324358028,10,1,True,True,0
87b0b1a7-be2e-4bc5-a222-971468e38ff7,1.0,0,0,0.9701155872485684,10,1,True,True,0
f793d33b-6fe6-4c89-b328-f4d488e2decc,1.0,0,0,0.7028167433510969,10,1,True,True,0
16b57939-da34-46cf-bde6-86339ccc0f1f,1.0,0,0,0.04414717888016062,10,1,True,True,0
5c4632a0-2863-4fc5-9ba7-535e2de61169,1.0,0,0,0.12043467432995336,10,1,True,True,0
d4d3816b-ff22-4f93-8f02-5980d31ff196,1.0,0,0,0.8051489137280055,10,1,True,True,0
d063b606-e2ee-497c-8828-fd94662595b2,1.0,0,0,0.09191956294211756,10,1,True,True,0
9f7dd921-163a-44d1-8aed-4ada04685630,1.0,0,0,0.15134040689687656,10,1,True,True,0
681857ee-6753-4a4c-86ef-91ea137fd901,1.0,0,0,0.35954123523613757,10,1,True,True,0
dbf149f8-813e-4393-b6d8-3e9618529b99,1.0,0,0,0.042415882178240105,10,1,True,True,0
028cd612-753b-4124-aa8a-905a02d38120,1.0,0,0,0.20647440776179893,10,1,True,True,0
5aa34c60-0b2b-4e42-affe-c540e6b33931,1.0,0,0,0.7269568518578007,10,1,True,True,0
462fc29b-f444-44cd-95e3-3fcdcb5a3923,1.0,0,0,0.11689851769440407,10,1,True,True,0
5030c359-1ef9-4e56-96c5-595ea4929139,1.0,0,0,0.09846233274256588,10,1,True,True,0
ca995160-96aa-460d-b7b2-0b39447e500c,1.0,0,0,0.7670096905479433,10,1,True,True,0
842f0024-a7e1-49e0-9548-19f56b24a757,1.0,0,0,0.6023294485992342,10,1,True,True,0
aa80bdd4-f2f5-404b-8e2d-f72030756505,1.0,0,0,0.4066280522071134,10,1,True,True,0
6bcdaf3e-cd62-4006-9891-92c913a54ec7,1.0,0,0,0.11411093607793632,10,1,True,True,0
a2c4e356-3162-4fd0-8b77-3493cbe3fc5a,1.0,0,0,0.5853377797204171,10,1,True,True,0
6348e363-ff9d-40ff-8116-b93bad193308,1.0,0,0,0.8476736447851109,10,1,True,True,0
ab7cf79b-e96a-4bb0-9622-9654967a1411,1.0,0,0,0.8264838003933125,10,1,True,True,0
a3eb4beb-ee92-4e0c-9033-dda9112b73a3,1.0,0,0,0.40445002186980994,10,1,True,True,0
e0711d7d-f232-4020-86af-3281d1b70ec7,1.0,0,0,0.5303400046585254,10,1,True,True,0
1c11979b-bd3a-4d21-af29-78188ba84f3c,1.0,0,0,0.4716451137880383,10,1,True,True,0
c9cd7ab4-b394-42b0-ac2d-363f8abc5877,1.0,0,0,0.6583955800542292,10,1,True,True,0
0c2e3cc6-e27a-4c07-9065-6fe669fee0d4,1.0,0,0,0.6264619527854868,10,1,True,True,0
2218adcd-dd49-4bff-bc74-834bfe7f067f,1.0,0,0,0.16480269406664405,10,1,True,True,0
80b359b3-83c5-49f4-ad0d-d349907c7429,1.1,1,0,0.4946042868620615,10,1,True,True,0
443f2aa7-6d33-4d37-981e-cdf28478cc60,1.0,0,0,0.8498135520653931,10,1,True,True,0
0c855a30-54a7-41f1-8fa9-11d5b9265593,1.0,0,0,0.6062155755648246,10,1,True,True,0
3ac71ca0-1a1a-45f2-bb18-6383112934a9,1.0,0,0,0.8776058901463922,10,1,True,True,0
23d23173-dd42-41dd-9a6e-42750582418c,1.1,1,0,0.610919178732805,10,1,True,True,0
3de4ade3-13d6-4088-9b15-5868a9e1d510,1.0,0,0,0.7668968696168142,10,1,True,True,0
89181283-ba18-4de2-9b1f-d64b9278ff63,1.1,1,0,0.8352405021838325,10,1,True,True,0
1f69ac10-3cbb-4c0e-8b66-a777506445aa,1.0,0,0,0.4881490310087887,10,1,True,True,0
01f9881f-d67d-4434-b874-d958aa52f4c6,1.0,0,0,0.2299600420466804,10,1,True,True,0
991fdef6-fc96-4f46-bee1-2e9277e83eb7,1.0,0,0,0.6817625828363887,10,1,True,True,0
975f006f-0395-4975-b759-222249a4a259,1.1,1,0,0.6870713051564998,10,1,True,True,0
f07df332-aa3f-4887-b38a-bfdf339ef3b4,1.0,0,0,0.6597985755697522,10,1,True,True,0
8dc44271-12be-47ab-8042-7fd38cfb4c21,1.0,0,0,0.6976851987312014,10,1,True,True,0
091028e2-094c-428c-b71e-ec808d5a5bac,1.0,0,0,0.766733624825573,10,1,True,True,0
8db75d4e-c723-4a89-936c-2df379080270,1.0,0,0,0.16053118243432474,10,1,True,True,0
264e319c-4633-47c6-a7f4-8b36710e3e71,1.0,0,0,0.010355954204947726,10,1,True,True,0
54fdaa67-afaf-41b1-85ef-e73b1675c405,1.0,0,0,0.33624918770174006,10,1,True,True,0
cb71855f-d97d-49ec-8a79-ec7dc8bdb670,1.0,0,0,0.637116899682179,10,1,True,True,0
c4480b13-296f-4a6b-97ad-7b92a70a270d,1.0,0,0,0.8416937966009972,10,1,True,True,0
e1c8aabd-81ca-40ab-b865-65fac965179b,1.0,0,0,0.5082884295602711,10,1,True,True,0
28de0b0b-9c01-4e39-8c44-41235df81c2e,1.0,0,0,0.24294298604306086,10,1,True,True,0
fbe8331b-612e-4117-b4b9-a60561412bf8,1.0,0,0,0.6696192905791275,10,1,True,True,0
5b1c0cf6-95b3-43b1-a8fb-f194ef7e5371,1.1,1,0,0.8090573270077003,10,1,True,True,0
14dbd5d8-b784-48ad-b5be-4b283a97f1ef,1.0,0,0,0.7479594369522765,10,1,True,True,0
d71f2190-1436-4ea9-bf3e-f4de6f57620c,1.0,0,0,0.6677962570610522,10,1,True,True,0
36121c90-da4e-4086-8d10-35de4795ee13,1.0,0,0,0.6716139126875514,10,1,True,True,0
e052523f-3631-4743-80e9-28dcf13b21e6,1.0,0,0,0.8751097299526033,10,1,True,True,0
79c21d86-b291-4b0c-a300-ce2cc2e2095c,1.0,0,0,0.9943617057656309,10,1,True,True,0
4830aa7c-6de1-4361-a5d0-038fe3dda598,1.0,0,0,0.7506865724597195,10,1,True,True,0
912fc9ca-d1e4-4a46-a8d7-704bbcf9d401,1.0,0,0,0.24622035634838424,10,1,True,True,0
5aeee83e-7ec1-4c5b-89aa-0f1595f0b3a4,1.0,0,0,0.4760349096847124,10,1,True,True,0
079625bf-2ec4-4bff-846d-1e64e1676128,1.0,0,0,0.36031787364745727,10,1,True,True,0
77628ffa-37aa-462e-b26d-14e89725047d,1.0,0,0,0.46869084933602956,10,1,True,True,0
4e32ec26-b960-43a1-9392-17f223dfee18,1.0,0,0,0.44617593212245277,10,1,True,True,0
addf7410-e6df-4c02-a939-d708ba5a9a35,1.0,0,0,0.43344889185368385,10,1,True,True,0
9c013d1a-f0aa-4ed8-8804-a5d3126c5fb7,1.0,0,0,0.31413543290917845,10,1,True,True,0
4d6c3e8b-3a94-48bc-9d56-ce687ef1a4e3,1.0,0,0,0.7229155972568095,10,1,True,True,0
acb286af-3c69-487f-8d29-1fc34b49da8d,1.0,0,0,0.615415597148331,10,1,True,True,0
395e10bf-5d8d-4ade-90cf-040f9193ff8f,1.0,0,0,0.9405331989138778,10,1,True,True,0
ce9deb17-a430-4bb6-8e59-3847d9950d05,1.0,0,0,0.9212046268063486,10,1,True,True,0
aa7dea6a-3cf1-470f-98fa-898a1b42a1b0,1.0,0,0,0.23405546351158446,10,1,True,True,0
06a99169-2237-4de3-a90d-a6d6af43fd69,1.0,0,0,0.6310846211056956,10,1,True,True,0
838af6f9-e431-4359-acd3-d8750d5b0f81,1.0,0,0,0.741271105496078,10,1,True,True,0
421f6012-4077-44db-954d-ab5b45df1c9a,1.0,0,0,0.12505746463326328,10,1,True,True,0
44984c03-a99c-4761-8f0a-ce2f45d2ebf1,1.0,0,0,0.9682046173343883,10,1,True,True,0
63e26df3-0711-4fc6-8264-896fed1a09c7,1.0,0,0,0.19886231706105284,10,1,True,True,0
d1f363a6-33dc-4d77-b0b6-d350241d0965,1.0,0,0,0.24925935883170758,10,1,True,True,0
39e29478-2090-47c8-9dcd-8c060dec4267,1.0,0,0,0.046985457266165764,10,1,True,True,0
a31e6533-e69a-42e2-9977-503a7d18ee80,1.0,0,0,0.9672979518017498,10,1,True,True,0
9aa4b6de-1c51-4340-9149-d14929eb5d8e,1.0,0,0,0.5213760683866778,10,1,True,True,0
57a70396-b143-4f4f-bbec-ebf42d1e9488,1.0,0,0,0.570765601317507,10,1,True,True,0
3a91476a-8546-44c7-85f2-e393223b7923,1.0,0,0,0.5361853078493639,10,1,True,True,0
26e5b375-e03a-4922-b0e5-e228c2545123,1.0,0,0,0.3342915698441018,10,1,True,True,0
42260476-5d82-4494-95ab-6e4584f00c46,1.0,0,0,0.15908818871713648,10,1,True,True,0
75bbbbcb-57b7-455e-8786-065c76168fdf,1.0,0,0,0.5320559120039479,10,1,True,True,0
198dc634-7ae8-4ecd-afb8-c149a4abe0a6,1.0,0,0,0.4085413515707631,10,1,True,True,0
4ed65988-d6dc-4d82-a5d2-07ef8de5b4e5,1.1,1,0,0.7271847957804984,10,1,True,True,0
dd65300e-9ceb-4824-a8ce-5a265e9d105c,1.1,1,0,0.7118035546971879,10,1,True,True,0
9aa33df5-d02d-4b26-a699-3a5bf69c2f56,1.1,1,0,0.3671351039967665,10,1,True,True,0
f633dc94-e6a0-420f-b59c-0bc7601cc854,1.0,0,0,0.3637936112617711,10,1,True,True,0
cfadf239-199a-4d60-b08d-8939df86b143,1.0,0,0,0.17931614461701917,10,1,True,True,0
7dfae5f3-c36f-4514-8600-b74949e91f4e,1.0,0,0,0.30714982790839496,10,1,True,True,0
2ff2dc76-4d4e-4bba-96ea-01c9f9253bd5,1.0,0,0,0.5217275665987248,10,1,True,True,0
cc8edfaa-5cde-46a7-a0a3-357b7ffa20fe,1.0,0,0,0.3660533896542778,10,1,True,True,0
a9cb154f-4266-484b-a537-6136901053d5,1.0,0,0,0.1379127846245849,10,1,True,True,0
f3c9686a-4253-4cde-a53e-48c862904971,1.0,0,0,0.9699686496308394,10,1,True,True,0
aecc65b7-1887-46a9-8948-df639ba73f63,1.0,0,0,0.8988930596745992,10,1,True,True,0
0b074dc4-3044-4775-a756-ad07dbedeaf5,1.0,0,0,0.0823373155254753,10,1,True,True,0
67d8b371-4efd-4fd1-8188-64f22f9b6017,1.0,0,0,0.2164758948839497,10,1,True,True,0
e2da60f8-70e3-4b76-a32e-ae8fa8578c2c,1.1,1,0,0.3605433388147501,10,1,True,True,0
666232a0-6487-4018-a716-3beabc262538,1.1,1,0,0.42577218672157713,10,1,True,True,0
49bf8069-1a46-458a-ad80-976b589e5559,1.0,0,0,0.65517073528391,10,1,True,True,0
6bad241f-572d-4b12-8f58-52a0fb5e3cf3,1.0,0,0,0.7063946442477571,10,1,True,True,0
a0434d3c-4eb0-4ff4-b15c-68151114f71a,1.0,0,0,0.030765152698526976,10,1,True,True,0
741d9cfb-fe8a-49c5-ac0d-5dc5243eedbb,1.0,0,0,0.20636959459753557,10,1,True,True,0
ba4801b7-4290-41ed-b50b-bc30e40f8d1d,1.0,0,0,0.6270178660835957,10,1,True,True,0
912d9635-0110-4d57-ad5f-8870d18c52bc,1.0,0,0,0.9513839377072287,10,1,True,True,0
777af467-ebd1-45fc-87c0-9928fc81805a,1.0,0,0,0.513053137918992,10,1,True,True,0
5781971d-e076-4d67-b4ac-434e061da81c,1.0,0,0,0.10475399338256697,10,1,True,True,0
5e0fca5e-4229-41cb-a2c7-f0f4e335604e,1.0,0,0,0.7921029814978938,10,1,True,True,0
147f0d52-d5c0-4cbd-82c5-1c0291750b8b,1.0,0,0,0.23306896509406727,10,1,True,True,0
8679b8a3-e33e-4539-b8f2-d92e5c0aa888,1.0,0,0,0.4263404203843417,10,1,True,True,0
a92ef11e-1a42-49de-ba19-90810f39b95f,1.0,0,0,0.4298826569117823,10,1,True,True,0
1d6334d5-ba61-40ef-a944-3159132f9465,1.0,0,0,0.443784025284943,10,1,True,True,0
457b828c-44fc-4be0-86ae-546d56818469,1.0,0,0,0.9957163522328331,10,1,True,True,0
366861e8-ea8d-4984-97a6-8760abda29f6,1.0,0,0,0.4170579895216263,10,1,True,True,0
2392a61a-45e3-4b33-a291-f3d30b7bcf07,1.0,0,0,0.22826122637616608,10,1,True,True,0
e1ad3d80-1070-4ba0-a2fe-5d5d751683cd,1.0,0,0,0.3154792709940857,10,1,True,True,0
34dc237f-627e-423e-925b-905ed5f410f0,1.0,0,0,0.34928549052289515,10,1,True,True,0
ef90c9d5-c50a-4cd4-b871-c66283953b28,1.0,0,0,0.14545428888419742,10,1,True,True,0
8c0b3ba5-1306-4091-8236-68ea8d36e8ca,1.0,0,0,0.67958824589618,10,1,True,True,0
37797ab3-2dbb-42ae-8d61-f60225e3126c,1.0,0,0,0.0038923125710389472,10,1,True,True,0
f7331bb8-80b0-493f-add3-ffc0ce525039,1.0,0,0,0.1866028456791664,10,1,True,True,0
dc3a6493-e7e4-45d2-a90b-4629afe8a72d,1.1,1,0,0.4437435014266895,10,1,True,True,0
f34edc51-1f35-4983-8c95-3abf302fdc0c,1.0,0,0,0.6063148343707107,10,1,True,True,0
e6c8f5df-87f1-4c01-b335-53ce1fe804b4,1.0,0,0,0.684526018561524,10,1,True,True,0
c9a0f380-b02a-4afc-a278-069dbb3d9005,1.0,0,0,0.46400996492825264,10,1,True,True,0
f347b601-2e8b-469e-95f1-2801e5c09e2e,1.0,0,0,0.44467589634929316,10,1,True,True,0
bc969c4e-fafd-4fc0-8e47-7cae275274a4,1.1,1,0,0.46472800218090726,10,1,True,True,0
181d46c6-ff14-4aff-97af-2b89e1d4a902,1.0,0,0,0.908767688502095,10,1,True,True,0
4f3fbddf-c331-4234-a211-c430e9425bc3,1.0,0,0,0.7391086688200664,10,1,True,True,0
a9f41b9b-03a5-4fd2-bd05-98dc12560a19,1.0,0,0,0.44569452742673077,10,1,True,True,0
4e66e753-170f-43e2-a6b0-88d9fb5b5b8b,1.0,0,0,0.4092392428923757,10,1,True,True,0
d0c1101f-2192-4771-b6c7-e2ef574be988,1.1,1,0,0.9613475139361068,10,1,True,True,0
027e7aac-a024-448d-b943-77fda7f8e159,1.0,0,0,0.275103960914326,10,1,True,True,0
42c8a07b-e619-4c6c-8808-db15aa392b10,1.0,0,0,0.5214934446938557,10,1,True,True,0
54d83259-2106-4eab-a8f1-524d9b915bb5,1.0,0,0,0.7137284459580703,10,1,True,True,0
c992a866-afa6-43b1-8477-d0b6cb2d3cdc,1.0,0,0,0.7106552365806235,10,1,True,True,0
61254dfb-ccb3-4cdd-b478-a54b890c28fd,1.0,0,0,0.08902912261099616,10,1,True,True,0
1b86d33b-ec3c-4b72-8b50-5d4ea83ab54a,1.0,0,0,0.8633499084508592,10,1,True,True,0
7f0c2698-ca2f-488c-8b06-23a4c5707c56,1.0,0,0,0.07610221359749803,10,1,True,True,0
2bd3ca10-52cc-464e-abc2-d67ee2592970,1.0,0,0,0.965710960472316,10,1,True,True,0
f049b82c-55a3-4a6e-9dd2-3b4097c63d76,1.0,0,0,0.9516421004414863,10,1,True,True,0
53a0a8b1-a9df-46d9-bdfa-505b00fdf5af,1.0,0,0,0.29148553639184016,10,1,True,True,0
f1b690ae-c16b-40e9-a88b-cc64d8fe00f9,1.0,0,0,0.10680374410593751,10,1,True,True,0
03b94574-6b95-419d-b137-731c00471a9d,1.0,0,0,0.021952938648334808,10,1,True,True,0
47de851c-c6be-4cd5-b6bf-394470d639a6,1.0,0,0,0.595370484226655,10,1,True,True,0
2baa7389-cb29-4fdd-b255-9bc573e976bf,1.0,0,0,0.6614326415670739,10,1,True,True,0
a5bc001d-8ae8-4471-b514-0dcb7d2d142e,1.0,0,0,0.5432682801764136,10,1,True,True,0
c1bf87a2-2e8c-4f54-82e9-41823c79e700,1.0,0,0,0.7982653778094786,10,1,True,True,0
65f87885-0b69-4d0b-9456-9bc4da7fe549,1.0,0,0,0.17045592793529285,10,1,True,True,0
d95c967a-5bcf-4985-a367-8ef538e51a48,1.0,0,0,0.7960324216814294,10,1,True,True,0
8342cf93-6afb-459a-a9fa-4dc50928fe59,1.0,0,0,0.9228949726906397,10,1,True,True,0
d256f0ce-7d35-4963-bb95-37f52fd4a245,1.0,0,0,0.6859937950441438,10,1,True,True,0
96baa67d-6777-4053-b94d-e104ea0d6467,1.0,0,0,0.6233288609064249,10,1,True,True,0
a13dd3bc-815d-47e4-aecd-a2823253914d,1.0,0,0,0.8022112020548418,10,1,True,True,0
7e51e8ff-9a9f-4eae-b77d-a5488e7772f2,1.0,0,0,0.6153039240395197,10,1,True,True,0
3ae40275-efb4-4bce-9096-6eb651d7556d,1.0,0,0,0.2821668577271973,10,1,True,True,0
21c94eea-6c22-4d18-b2bc-2df7f4478988,1.0,0,0,0.8257348026738617,10,1,True,True,0
04b61eb1-eeb1-49ef-80be-d67c0899d3df,1.0,0,0,0.5122510929762579,10,1,True,True,0
e597715b-7cb2-49a5-9ee4-f575098ab805,1.0,0,0,0.5447869999768128,10,1,True,True,0
6b68b1e0-7643-4961-8d44-60eee7f26dcc,1.2000000000000002,2,0,0.724016830616016,10,1,True,True,0
8183cb02-ddc6-4032-b41c-7f5dc01b20d7,1.0,0,0,0.6123242591194065,10,1,True,True,0
0bd50788-4d00-4af7-914c-89b6127e13ef,1.0,0,0,0.7642627169846069,10,1,True,True,0
0c2fdb39-67bc-41c6-b8da-6ecc454e9031,1.1,1,0,0.8978563689204226,10,1,True,True,0
06a54c71-10bd-4085-ba24-e56cb7c448d0,1.0,0,0,0.24642276751933812,10,1,True,True,0
392d7cee-e305-4fc0-831c-90efa3384f66,1.0,0,0,0.2964716790852424,10,1,True,True,0
6038fe5d-a438-401c-9e12-6000c2bf6f53,1.0,0,0,0.12877273394063993,10,1,True,True,0
6910f9e2-bdd0-4cbb-8577-330ce38c9c0f,1.0,0,0,0.19442449291947672,10,1,True,True,0
2ae6b592-ab07-49e7-be93-4da7dd45ac67,1.0,0,0,0.34950572054700557,10,1,True,True,0
471d3763-7052-4705-9703-1d922dd92e59,1.0,0,0,0.35714617762189615,10,1,True,True,0
23c9e594-384d-49b9-a134-5053948bb8fc,1.0,0,0,0.9996753452761976,10,1,True,True,0
8539d4ba-6401-4372-a798-f9e5a478e58a,1.0,0,0,0.06724494816661553,10,1,True,True,0
8f69958e-4d1e-4b9a-9dc7-8c7c707d6313,1.0,0,0,0.9392282748232704,10,1,True,True,0
f746efdd-d967-4380-a5b8-e0495b3f753f,1.0,0,0,0.2985833948234434,10,1,True,True,0
1128ebc8-ad6c-498f-97a1-4e8791b7b391,1.0,0,0,0.3281361456612666,10,1,True,True,0
42b132c4-2a81-4b25-9ddd-374b83b9ed5c,1.0,0,0,0.7534075769685512,10,1,True,True,0
f2719b4d-9097-4f51-a720-592877b319ad,1.0,0,0,0.1960916503326462,10,1,True,True,0
f182c74b-88b9-4871-a2d5-455ed02e0d16,1.1,1,0,0.03731642644912825,10,1,True,True,0
8d906bcf-7d8b-44c7-890f-af27088335d8,1.0,0,0,0.08375217300655713,10,1,True,True,0
eefa5b31-fce9-448d-81eb-df7531dff87d,1.0,0,0,0.9645088684561504,10,1,True,True,0
270098d9-135e-4331-b8d0-852444ee626b,1.0,0,0,0.7531165190106839,10,1,True,True,0
7925f416-3910-45b5-afe1-81fd971da44c,1.0,0,0,0.5163204640290617,10,1,True,True,0
bb39091a-6068-49e9-b201-5acaf0a7a758,1.0,0,0,0.9098465355479624,10,1,True,True,0
870bfa3a-880a-4f50-8513-f04e169a21ff,1.0,0,0,0.3659436589099916,10,1,True,True,0
8f4a74e9-3cae-43ff-a98b-6849369039d4,1.0,0,0,0.19750899946302247,10,1,True,True,0
db59b6d2-59b7-4e19-94b6-fbfc68a83f57,1.0,0,0,0.9130304893150007,10,1,True,True,0
6838c640-0e69-4b1c-9822-2584871b0f88,1.0,0,0,0.9230870169937229,10,1,True,True,0
68cab685-2e30-4369-bf22-588dd77fcb2c,1.0,0,0,0.0018548961408381137,10,1,True,True,0
cfabf4d3-2879-4954-a415-7012b0c60b23,1.0,0,0,0.8015427439195857,10,1,True,True,0
146dba57-258f-414e-a9bc-5c39b278e9a4,1.1,1,0,0.10194303553767625,10,1,True,True,0
2c8beb56-45ee-40af-b315-5fe325052066,1.0,0,0,0.7474332479507562,10,1,True,True,0
9b6f0f63-283a-4066-a5a4-9a85fae8235f,1.0,0,0,0.12758168941612003,10,1,True,True,0
ce1aeeca-31d7-4064-a9aa-c40fb1e41f68,1.0,0,0,0.7611053584673146,10,1,True,True,0
1971f7c8-47e5-4ce5-926c-d28c20c40d05,1.0,0,0,0.2126536471655731,10,1,True,True,0
1b46771e-3248-416c-81fe-0d2eec4ab6de,1.0,0,0,0.09862434499242478,10,1,True,True,0
c78e6aa4-8445-4572-805b-1b3384ddaeea,1.1,1,0,0.1496029358008346,10,1,True,True,0
0cf0d965-73fc-482d-ba36-e4f8ba1c9813,1.0,0,0,0.5293532043902243,10,1,True,True,0
009daf41-133c-4514-ba70-a82f2efd0c25,1.0,0,0,0.5852638651088566,10,1,True,True,0
9967202d-b3db-43bf-9eba-5dc4562a6884,1.1,1,0,0.6087312515813978,10,1,True,True,0
adf2bc4c-814d-4c1b-85e9-67ffa2c9e2df,1.0,0,0,0.698435243684087,10,1,True,True,0
6481ce49-d37b-4767-97fb-79bb56486e56,1.0,0,0,0.5696891896847408,10,1,True,True,0
91b940dd-8330-4299-9531-97842fb9977a,1.0,0,0,0.09047214705050677,10,1,True,True,0
33fc94db-31d6-492c-8064-b2843898742e,1.0,0,0,0.10743957802979809,10,1,True,True,0
95c24f44-f811-4d5b-a501-9a1a4531c0e9,1.0,0,0,0.22234252497498352,10,1,True,True,0
e6880aa8-4307-4d85-b518-5204d02f0f33,1.0,0,0,0.504610472971751,10,1,True,True,0
6e5c7355-5d8c-44dc-ad65-0b908fdd72ef,1.0,0,0,0.9813351210294095,10,1,True,True,0
6088c138-5697-4175-b18b-805cdef5b120,1.0,0,0,0.4604035689585798,10,1,True,True,0
568c9e88-833f-4713-ad1a-6d54a6b6c614,1.0,0,0,0.8427936310129064,10,1,True,True,0
015f306b-2813-4226-8f96-c3f4c0f2d406,1.0,0,0,0.4670081879065269,10,1,True,True,0
c1bb3a7e-3ad5-47e6-b264-6814a874fab6,1.0,0,0,0.08094301459555664,10,1,True,True,0
fdc7cb8f-4795-4e36-b75c-6a7fde5fa64f,1.1,1,0,0.5570379019635713,10,1,True,True,0
0910f66f-2572-4d14-8d11-2f3ea445cc46,1.0,0,0,0.8399347410613665,10,1,True,True,0
080cfeef-e74c-40ed-88b6-6ad32c7e08be,1.1,1,0,0.32590519098255966,10,1,True,True,0
bd0605b3-d80b-4c8a-a977-964c32df545c,1.0,0,0,0.26660820372647587,10,1,True,True,0
9418c7c8-30da-4375-9c0c-35166593f2cc,1.0,0,0,0.41200391099946587,10,1,True,True,0
d52863a2-126b-424d-983f-dc8da8452c06,1.0,0,0,0.7729695726985983,10,1,True,True,0
3adc621c-f900-4550-b2ec-991e51f10bf5,1.0,0,0,0.2771128117180576,10,1,True,True,0
b5b924f9-6b5d-4c67-881f-7af924ac5363,1.1,1,0,0.37618395995451337,10,1,True,True,0
bcdd3b09-0a61-405c-9877-5029247ef320,1.0,0,0,0.44965594313226986,10,1,True,True,0
040bf614-ae0d-4fac-808d-c706478dc7f6,1.0,0,0,0.7877035138615035,10,1,True,True,0
29bdd199-5ce7-404d-b8cb-7e648d307359,1.0,0,0,0.7508155421943968,10,1,True,True,0
755868db-abaf-492a-b5b7-a50b31597c15,1.0,0,0,0.9467803584082404,10,1,True,True,0
b1c44eca-5421-4bf3-aa19-a5be2f6dc45e,1.0,0,0,0.8624206727470944,10,1,True,True,0
c7742a21-a403-4d59-a261-6dd8ae17c25e,1.0,0,0,0.7066258060900664,10,1,True,True,0
3d896744-1118-44b1-b3be-cda204c33bd3,1.0,0,0,0.30355701160202664,10,1,True,True,0
04e0db61-bf1b-4439-8e3f-ddb11ec9f554,1.0,0,0,0.4335515022404879,10,1,True,True,0
566c28a2-30c0-4825-b1a5-c47ac91959b3,1.0,0,0,0.49449875128140797,10,1,True,True,0
b4aca464-c4f8-4346-8e1d-2ef459b1b994,1.0,0,0,0.5476100930083919,10,1,True,True,0
26378871-9423-458e-bf77-7e5cb7ad4e66,1.0,0,0,0.5103452626256553,10,1,True,True,0
9cc95826-df4a-4403-ab9a-cb0a608f9f5c,1.0,0,0,0.32966987903413425,10,1,True,True,0
cfeb8fcd-bed4-4080-97e5-9575e2e818b8,1.1,1,0,0.897248693107716,10,1,True,True,0
f0fcdc22-52c8-40dd-bdcb-42be6d80455d,1.0,0,0,0.3337382651496795,10,1,True,True,0
4a1b4047-8884-4c28-9e83-12c11612e283,1.0,0,0,0.1662437071741809,10,1,True,True,0
fbf456cb-093c-473e-998d-0bd516607d0a,1.0,0,0,0.3517432733998802,10,1,True,True,0
a85a4599-113e-4786-b36a-723f5c25b4aa,1.0,0,0,0.7946644599230402,10,1,True,True,0
9226a8e5-6607-41d9-9b9d-e2bf653a644a,1.0,0,0,0.074469463777879,10,1,True,True,0
9c9ed3ce-9323-4764-8813-5db983166d4a,1.0,0,0,0.012702925376746776,10,1,True,True,0
457e3ca4-10a0-4efc-9791-db5a85d55621,1.0,0,0,0.09249227479647082,10,1,True,True,0
5d5b78e2-3fc7-4708-be22-9b706d3446fd,1.0,0,0,0.967314054028628,10,1,True,True,0
b032b134-a263-4d7b-a2a7-46ca23ade400,1.0,0,0,0.7888183627530289,10,1,True,True,0
283a9ac6-c581-4835-a940-6811141e5e94,1.0,0,0,0.39567326939684144,10,1,True,True,0
10ebd12a-7df2-43f8-b7a7-5e812004d7e6,1.1,1,0,0.4920923736542806,10,1,True,True,0
429d210d-1e51-4a64-a7b5-c059fce80d0f,1.0,0,0,0.7766339168429823,10,1,True,True,0
76a380c3-c914-4249-9295-a971d4e950d8,1.1,1,0,0.8707069628602919,10,1,True,True,0
18f3fd89-8970-4b77-bca8-0b34da05580b,1.0,0,0,0.5506240585289744,10,1,True,True,0
fa432388-04a8-42c8-829d-580a6f6ae1ba,1.0,0,0,0.7527594249534384,10,1,True,True,0
b00e1ee3-e3e7-44b8-b0d4-3b07640e1f99,1.0,0,0,0.7808009334450209,10,1,True,True,0
d1e97e46-c89c-456e-8f34-aaf471e9172c,1.0,0,0,0.9937020781237181,10,1,True,True,0
8f60c32c-f68c-4493-91eb-29be6dc4fd84,1.0,0,0,0.13231745386861404,10,1,True,True,0
9b301ec4-097d-4c84-9d25-a66b7cc30bc4,1.2000000000000002,2,0,0.9282400647294554,10,1,True,True,0
20bcd38e-b041-4b09-aa83-b0ebf4defc62,1.0,0,0,0.5672428260749446,10,1,True,True,0
fd813eee-5d80-4da8-8211-11b17fa30235,1.0,0,0,0.1157841235684206,10,1,True,True,0
5aecfaae-3c22-4c91-ba26-8723dec50aa6,1.0,0,0,0.886519195747978,10,1,True,True,0
bffc5790-5527-4074-b31d-dc46cb8b7973,1.0,0,0,0.6474955980617066,10,1,True,True,0
3071846d-1126-40c7-9f10-f47d9d0c58b3,1.0,0,0,0.6712041857774621,10,1,True,True,0
ad94b120-2afd-445a-9d67-e370b1fd95b9,1.0,0,0,0.9231677140487698,10,1,True,True,0
e5a43ffa-67e4-45d3-bb9f-82927537bb01,1.0,0,0,0.2582922899648963,10,1,True,True,0
2dba4e97-9d27-433a-baa3-82a5001b47e8,1.0,0,0,0.043793401814371746,10,1,True,True,0
d47a0247-19cd-4ab5-a033-018c2ceca3b0,1.0,0,0,0.9403897750311627,10,1,True,True,0
639b18fc-d909-4eab-bf78-03f0b6cd5056,1.0,0,0,0.689704516274081,10,1,True,True,0
19a9e01f-789b-4f49-bb40-af2a561fb4c4,1.0,0,0,0.7588088875398422,10,1,True,True,0
fb77b2d1-9b1e-43a4-ab9d-012aade9dd0e,1.1,1,0,0.23818003586460368,10,1,True,True,0
b0a56469-bd31-40a9-9b55-fc6c833b99aa,1.0,0,0,0.7636807199475785,10,1,True,True,0
ef509706-a248-4e82-b9ad-83007e1fd34d,1.0,0,0,0.03321391422705411,10,1,True,True,0
3c1eb473-bc2d-4861-947a-a1a64f7d6609,1.0,0,0,0.05595710281031374,10,1,True,True,0
3f61722b-13ce-4952-bee4-8be1af893b25,1.0,0,0,0.96380752645066,10,1,True,True,0
53ac2087-a02f-47a5-a09f-27b9b14ecd32,1.0,0,0,0.11373483231488013,10,1,True,True,0
ae4bac8a-01ec-4211-94b5-142a117d9284,1.1,1,0,0.2561544955280932,10,1,True,True,0
9494f942-685d-42ba-9371-cd2689b5ec92,1.0,0,0,0.26168968588555763,10,1,True,True,0
6bf13ead-0c35-4fb4-a16a-026bb89fb4f3,1.0,0,0,0.8966439731193376,10,1,True,True,0
bc0977c1-371d-417d-ae81-3be592ac81c5,1.0,0,0,0.34779440194160804,10,1,True,True,0
4df6f3bb-7b3d-40a7-b51d-5c5e25ca53b7,1.0,0,0,0.6278524638474073,10,1,True,True,0
0680378d-cc7e-4cd2-a43f-749f08f2cf88,1.0,0,0,0.7338110987162137,10,1,True,True,0
d2623ee3-9a61-483a-a021-57d1a6445975,1.0,0,0,0.3696425310944861,10,1,True,True,0
6ae93332-c49d-401a-b98f-a3203d6a90b0,1.0,0,0,0.5617967396144028,10,1,True,True,0
f3f8e130-6ff1-43e2-bd86-2b85752e3b16,1.0,0,0,0.27231474147184276,10,1,True,True,0
b623aa5f-d206-419d-82c4-4d751281aba5,1.0,0,0,0.3607830850161534,10,1,True,True,0
cb71f7ad-c077-491f-8362-a86da175ff62,1.0,0,0,0.2668808159127951,10,1,True,True,0
afa49d60-4636-4bc8-ae54-aec9f5cf5731,1.0,0,0,0.5017049408306237,10,1,True,True,0
cd04334c-9499-4d9b-b6a8-fdb5381d9916,1.0,0,0,0.03422751146564129,10,1,True,True,0
9238bb9b-79db-4f18-b820-15237501e540,1.0,0,0,0.57576054531427,10,1,True,True,0
b2ff920a-6848-4472-8dd4-fd14e6417d83,1.0,0,0,0.6316286494067048,10,1,True,True,0
23331c55-b682-483a-b4d2-2466dc021f8f,1.0,0,0,0.7994437108912259,10,1,True,True,0
c75ce530-de9c-4fa9-aa5f-4da1f1bd1f6f,1.0,0,0,0.4018736610361756,10,1,True,True,0
479ee9d4-c214-4a39-be8f-7aca92ceaf1d,1.0,0,0,0.6216448344221486,10,1,True,True,0
a1f14593-9fd1-483d-8043-44b31c32508d,1.0,0,0,0.4843853688658517,10,1,True,True,0
d6acb95e-454a-4614-aebd-9bfb1af3f88b,1.0,0,0,0.3686033858604464,10,1,True,True,0
577d4186-4864-448d-b9c5-d07c290299e6,1.0,0,0,0.41823429250500166,10,1,True,True,0
6fc6d393-1e1a-45a9-b0da-e2e920182075,1.0,0,0,0.5069661352319877,10,1,True,True,0
8824e457-eb55-4ff6-889d-2bbadd905f5a,1.0,0,0,0.7762050047088034,10,1,True,True,0
85b98515-6759-4ade-8777-d2719b61729f,1.0,0,0,0.8484898399900643,10,1,True,True,0
51461b6a-fce2-403c-8216-565da28386cf,1.0,0,0,0.06548931555132032,10,1,True,True,0
4a16a5c7-ea9d-4a02-ba2e-b325da5fa820,1.0,0,0,0.5417897266388866,10,1,True,True,0
fb954113-d36c-42d4-ab15-994ab9bfb7a7,1.0,0,0,0.4971835276922041,10,1,True,True,0
67285ec5-e0f9-4686-acfc-a7d00016dc01,1.0,0,0,0.41321857582700816,10,1,True,True,0
bcc452d8-f342-4ea9-891b-c450645ea84f,1.0,0,0,0.9444547054555334,10,1,True,True,0
64b9c94d-69f4-4c33-90c4-8d4e94ff7ebc,1.0,0,0,0.4105011754195994,10,1,True,True,0
3e6db12c-2704-4807-8d55-adeab8f24513,1.0,0,0,0.18630246336137246,10,1,True,True,0
52e6bc0d-a38a-473b-a362-4848abf132e7,1.0,0,0,0.5837885082570439,10,1,True,True,0
56ca3d3d-e680-49fe-9879-14bac6f4ed5c,1.0,0,0,0.7564815194378639,10,1,True,True,0
3b4640fe-fee8-4bec-9ac7-6409bda3e660,1.0,0,0,0.7822033572575228,10,1,True,True,0
4c75fa35-861f-4822-af20-7e0e6076f43f,1.0,0,0,0.3645019065898787,10,1,True,True,0
d56cb971-4cab-420b-a856-2dff095083d2,1.0,0,0,0.3072128211684233,10,1,True,True,0
17f5b4a9-5713-4da9-8c99-af5a96cd9ffa,1.0,0,0,0.6398802847962561,10,1,True,True,0
816ec785-60df-47dc-9040-5f29ebfcd962,1.0,0,0,0.1995366459590997,10,1,True,True,0
5fb60da0-4e29-42e7-8c6d-ca534d10a213,1.1,1,0,0.7761381431748642,10,1,True,True,0
ab5521bd-bcfb-4acb-a6fa-36b362a69a4d,1.0,0,0,0.6746946994525455,10,1,True,True,0
f91146db-2a5d-483b-8815-32838f6efc0a,1.1,1,0,0.026714965306573912,10,1,True,True,0
c2a23b0a-26cd-486e-85d1-83e4c8c72034,1.0,0,0,0.9470448371818124,10,1,True,True,0
34e6751a-80da-429a-8e70-79b488c0578e,1.1,1,0,0.4311757117358309,10,1,True,True,0
b2fcbee4-855d-4153-b78d-6adab4416f49,1.1,1,0,0.9511912361794012,10,1,True,True,0
5b79641d-df53-4d44-bbf5-e916711c2c93,1.0,0,0,0.4607067181911513,10,1,True,True,0
fe6eabaa-dff5-482d-800d-6dcb1824375a,1.0,0,0,0.6990609310066928,10,1,True,True,0
0d7a495b-2d04-4a5c-b6a9-6baf94490ec1,1.1,1,0,0.3465217764830736,10,1,True,True,0
7d0f29dc-5999-4c66-91ed-899a07943912,1.0,0,0,0.022934040050578308,10,1,True,True,0
296961c4-bdb6-4dd5-b079-a042fbc08ca9,1.0,0,0,0.45217560935245726,10,1,True,True,0
fbba513d-3c16-4993-891f-9b83a93d206b,1.0,0,0,0.25337930654671215,10,1,True,True,0
409b56f3-7503-4756-8678-477ec289032f,1.0,0,0,0.9795021981151364,10,1,True,True,0
d3b29add-a777-474e-8288-9efd925420a3,1.0,0,0,0.8290476142655295,10,1,True,True,0
22f145bc-c460-4eed-a157-3ad7464a0f80,1.0,0,0,0.3430119452401391,10,1,True,True,0
dca0fe9d-bb68-4bb8-8437-6edcd964e51e,1.0,0,0,0.5394290441397956,10,1,True,True,0
002000bd-62b4-48c7-bc15-2b39221942d8,1.0,0,0,0.6675915100798604,10,1,True,True,0
eacb7210-38cc-4f72-97a1-d54865cd4438,1.0,0,0,0.8308475290045143,10,1,True,True,0
ea4a605f-4f5c-4d40-81dd-e276ff465bf0,1.0,0,0,0.29934087715596214,10,1,True,True,0
47aad972-968b-4c39-9afb-acd92175b736,1.0,0,0,0.4793841025115694,10,1,True,True,0
41bac99e-0bfd-472a-815a-b710e2b69a93,1.0,0,0,0.24582118116983986,10,1,True,True,0
d666f207-8e70-441b-bd9d-a6f6d5e05f90,1.0,0,0,0.8377103130046945,10,1,True,True,0
fe18373d-6853-4093-a86d-17ee165a7f1c,1.0,0,0,0.20637173042855694,10,1,True,True,0
dcb08e50-e5b0-485e-958e-fb691b36cf4e,1.0,0,0,0.24192066797663891,10,1,True,True,0
84bfa6cf-727b-4af0-aa74-4b449b951890,1.0,0,0,0.41773273041973114,10,1,True,True,0
57148ce8-2174-410d-a4de-c220dcc40213,1.0,0,0,0.11740237446711976,10,1,True,True,0
ba693fda-4ba5-4b21-9e78-4e2a009bc08c,1.0,0,0,0.4680385850152613,10,1,True,True,0
2e03ea66-7134-4fcf-87bb-d0e31bee4969,1.1,1,0,0.9318196091237952,10,1,True,True,0
1d46390d-50df-4d8d-87b5-a5dc2dc87ab9,1.0,0,0,0.8394504437588651,10,1,True,True,0
f051ea3b-9232-453a-b159-51b3931e54c2,1.1,1,0,0.42990693629497245,10,1,True,True,0
0b1dbf98-18ab-40c4-910f-bf3100819656,1.0,0,0,0.2193119796825962,10,1,True,True,0
bc5a3948-bb18-494e-a782-33d64cebb2f7,1.0,0,0,0.045992706889327106,10,1,True,True,0
cfce4fae-c822-42c3-8cf9-965ab34cf6fd,1.0,0,0,0.18428807069840603,10,1,True,True,0
1dc21199-b303-4dee-9782-c9d7b0e17c26,1.0,0,0,0.3131139771332332,10,1,True,True,0
a1792a25-4dfd-4a73-ac98-eb55f662ee04,1.0,0,0,0.8050887437101015,10,1,True,True,0
d735d5e8-c936-459f-9e03-f9e80d97568d,1.0,0,0,0.8427357374519652,10,1,True,True,0
3bced248-ec73-4976-851e-1c648e3ce9bc,1.0,0,0,0.5601641906662262,10,1,True,True,0
fbd4d94a-d3d8-4c10-8d6d-aa04ca1cf1c6,1.0,0,0,0.5248772695073841,10,1,True,True,0
af039737-4d54-4cb8-a335-755afc9b1f1f,1.0,0,0,0.3654349791242866,10,1,True,True,0
7d868086-d2a8-4d8d-8ba9-64c37b91dc9f,1.0,0,0,0.8833375120432062,10,1,True,True,0
62b57d13-b31a-438e-b839-2cc718da7bd3,1.0,0,0,0.8123135510023768,10,1,True,True,0
d87abaad-404d-4b3d-b703-937af50877ca,1.0,0,0,0.8731221707564837,10,1,True,True,0
9b870494-2081-4bd7-8e89-849ca6cd23f2,1.1,1,0,0.656032743767431,10,1,True,True,0
5654e948-7d07-44c0-8bfb-d7d16c8144c6,1.0,0,0,0.09573115121634723,10,1,True,True,0
8e8ce99e-5e58-4500-8f63-5586ac0fc3fb,1.0,0,0,0.6613156201397414,10,1,True,True,0
826b002d-66f1-436b-8625-41b35c118858,1.0,0,0,0.549192266512987,10,1,True,True,0
e896a02d-54eb-4084-8323-5e5a826297ff,1.0,0,0,0.35479894342724994,10,1,True,True,0
b3d38b01-e419-4520-a125-eb4e1710351d,1.0,0,0,0.5775766803599769,10,1,True,True,0
de8592a0-8e82-4faf-9972-e1c9516ba8aa,1.0,0,0,0.6768122917800027,10,1,True,True,0
54cb325a-6afb-4c5e-9c3d-e0cab32711d6,1.1,1,0,0.7566469804651129,10,1,True,True,0
de2ada76-1361-4f11-8cc8-4771dfd8b031,1.0,0,0,0.5368923549114625,10,1,True,True,0
8896385e-8080-42c5-989f-e9b9c203460d,1.0,0,0,0.7119604154930111,10,1,True,True,0
dcc35eef-e99d-48fc-aa03-86cee6752e63,1.0,0,0,0.6095193924015578,10,1,True,True,0
5c557d59-8c57-4be7-9e1b-982a02e25c9e,1.1,1,0,0.35444474353686606,10,1,True,True,0
bfbf8a11-cae5-421b-b960-4c502cbf1f50,1.0,0,0,0.9275630842165474,10,1,True,True,0
89d459f9-fc5b-4353-8e26-21a9836dedb1,1.0,0,0,0.24708729189417522,10,1,True,True,0
8d359b1f-3596-478e-a4de-5ac3bddd45cc,1.0,0,0,0.6720370819176743,10,1,True,True,0
adbeb4b7-bd67-478a-9aa0-2bc881e11c17,1.0,0,0,0.3054707527614112,10,1,True,True,0
9c90469d-9d5f-42c2-9b63-26faea9ce932,1.0,0,0,0.6646336372767174,10,1,True,True,0
cf65e24e-5591-402e-9138-611e2b8e0d55,1.0,0,0,0.7323456452786101,10,1,True,True,0
11aa80ae-d7a1-4b14-b3d6-34573fe621b2,1.0,0,0,0.5278155115600497,10,1,True,True,0
e9dbd8a6-d5b8-48ec-8ee4-64eb1efd1c8d,1.1,1,0,0.589284156274248,10,1,True,True,0
657e4b3f-e243-4f23-a3f4-475ab37de25c,1.0,0,0,0.18460215232185517,10,1,True,True,0
bece2b18-c7dc-4f9d-9d04-67e0abd47f6a,1.1,1,0,0.3802344468919123,10,1,True,True,0
456a3330-e21f-4b5b-81fb-a868ecf9e118,1.0,0,0,0.1648327840544609,10,1,True,True,0
be9d6c6d-3146-4135-8052-1b9281d51fad,1.0,0,0,0.95588760914348,10,1,True,True,0
9ddace40-d1e0-4aca-89e4-4e37c8611432,1.0,0,0,0.4671773686399311,10,1,True,True,0
a82bebea-5338-410f-a0b0-8be2301a4f6e,1.0,0,0,0.27914176204040975,10,1,True,True,0
a9ab3891-db3d-43c2-bf7b-905e6b2a58f1,1.0,0,0,0.9057814247051503,10,1,True,True,0
3ee1193e-7ba1-473e-adc4-39a102bd0230,1.0,0,0,0.8581489841619736,10,1,True,True,0
53ae2da5-d2aa-4c4f-9e15-3278a489a126,1.0,0,0,0.8037640858303379,10,1,True,True,0
7289cdf1-c605-496b-b006-8df46464559a,1.0,0,0,0.9359762892871192,10,1,True,True,0
c4d721cf-0e85-4a2e-9e7a-fdb8310792d1,1.0,0,0,0.33793534905226896,10,1,True,True,0
6b272a2c-1f7a-415a-897e-10376afcc28e,1.0,0,0,0.8988537319981899,10,1,True,True,0
f8fb9065-d760-415b-beb0-8ce9884fe6ee,1.0,0,0,0.23135174889035004,10,1,True,True,0
670dba3f-3067-44de-9803-860dd01fdee7,1.0,0,0,0.044628651213881154,10,1,True,True,0
8aded0f1-1464-4f72-a5a5-7d4e4144a7f4,1.0,0,0,0.10442276436222875,10,1,True,True,0
7fc76132-2e52-49a2-8d16-f9b832c4c356,1.0,0,0,0.8266284294819636,10,1,True,True,0
e3480180-4e27-4379-84a2-0768967da95f,1.0,0,0,0.6700972992722171,10,1,True,True,0
b3601d6b-2316-4b35-9507-b82d3bf32cfb,1.0,0,0,0.2676618066377062,10,1,True,True,0
8f89f67f-cf8f-4c5b-ae15-bf6fd3177604,1.0,0,0,0.4206185304562515,10,1,True,True,0
1807083c-857b-4456-a6df-8277e36d2c77,1.0,0,0,0.31081932066693185,10,1,True,True,0
b7c78af9-0479-42ce-8134-a5cf137ab188,1.0,0,0,0.31559866245851753,10,1,True,True,0
d3ce686a-7704-4539-a7e3-f1bb1ffb9ffd,1.0,0,0,0.5361694778340542,10,1,True,True,0
6c1d1332-bc0d-4b74-9b8e-7a28830cbd52,1.0,0,0,0.37036751599893736,10,1,True,True,0
e0c6e9d9-be85-47ec-b545-66443c62b6ab,1.0,0,0,0.6216321996371487,10,1,True,True,0
06d8f27b-419b-4ce0-92c7-529fc0e51153,1.1,1,0,0.012346729019428793,10,1,True,True,0
93e20913-efb4-4a5b-83af-ba892f09418f,1.0,0,0,0.41397380088725666,10,1,True,True,0
5115e2d6-a96c-4061-8c0d-f582eae5c1c4,1.0,0,0,0.6097850406988505,10,1,True,True,0
51941d2e-ec1e-4ab8-8922-748691dce9bd,1.0,0,0,0.08402078464641038,10,1,True,True,0
b26eaa6f-6950-40cf-a729-6565c35ec7bc,1.0,0,0,0.3875419187297715,10,1,True,True,0
6533f48e-f74d-4699-adf7-c1969ea49d97,1.0,0,0,0.3963211380713162,10,1,True,True,0
8a70cbb5-2ae4-4f2b-8724-6fe0d212151f,1.0,0,0,0.7457909609108985,10,1,True,True,0
72dc25e1-9cf1-4789-a8fd-4fbe31219392,1.1,1,0,0.8038810598171967,10,1,True,True,0
8bc4aed3-9e2e-4daf-b6a4-2fb05ba9decf,1.2000000000000002,2,0,0.2539985409464399,10,1,True,True,0
de0d8362-4550-49f0-a8e4-349e3434daaa,1.1,1,0,0.870124237083681,10,1,True,True,0
23a085a4-0d43-41b1-afae-e8184bba8d60,1.0,0,0,0.4711674350747509,10,1,True,True,0
60cbb0d1-adc7-488e-bbd2-3344fbb9f15e,1.0,0,0,0.8789968495670174,10,1,True,True,0
1869acf7-ee81-42db-9371-e89522079831,1.0,0,0,0.37484051098038573,10,1,True,True,0
30088dac-7b29-4b2f-af80-19228332662b,1.0,0,0,0.33530651550617063,10,1,True,True,0
5c5e0be9-076a-42e3-b345-90974fd9f66a,1.0,0,0,0.5445196671420516,10,1,True,True,0
86182d33-363d-470c-9106-6706234853f2,1.0,0,0,0.9830209658456933,10,1,True,True,0
ef99173b-cd05-48a7-8e88-2a887c7599a0,1.0,0,0,0.1752007393015651,10,1,True,True,0
c35cc74b-8b19-487a-9914-fbd9206beb41,1.0,0,0,0.41067478497522303,10,1,True,True,0
59c48864-a148-4d55-98ad-19b29118339a,1.0,0,0,0.8044949647482214,10,1,True,True,0
e2ce1f88-5bc9-42f5-af4f-ed95258fb39d,1.0,0,0,0.2825529096332223,10,1,True,True,0
7667e90c-547e-43e0-b363-7164edd5eb6d,1.1,1,0,0.1395311702550056,10,1,True,True,0
1f14c9ae-1707-458e-b1be-d66d77d14442,1.0,0,0,0.7437585188255987,10,1,True,True,0
b7094037-1884-472a-8dab-a76e85aebc38,1.0,0,0,0.9319097968332912,10,1,True,True,0
9ae3c43b-bcf0-4c2a-993e-ab0d30984914,1.0,0,0,0.5878317555080107,10,1,True,True,0
8dc46297-8bce-451f-a7a1-70caf2a8d655,1.0,0,0,0.5366198431521676,10,1,True,True,0
31cdcd1e-6a53-4fc8-833e-efaf5ed0ae42,1.0,0,0,0.987053209138826,10,1,True,True,0
3b4cf776-3656-4da0-88a9-e3919f9fe608,1.0,0,0,0.6572784020938258,10,1,True,True,0
f1463827-6eaf-4df6-a37c-fb6b19b2a0fd,1.0,0,0,0.06896798892359657,10,1,True,True,0
e5d2fcac-df5c-439d-918f-4f18ae301e9c,1.0,0,0,0.8736536095949016,10,1,True,True,0
f9d3bd51-6ddc-4bfc-a3d4-064f98925bae,1.0,0,0,0.5557122968799992,10,1,True,True,0
f1f2e3b0-bacd-49bf-9283-c61919fd6939,1.0,0,0,0.3175993127659916,10,1,True,True,0
33ab3899-d3c4-47be-bae9-d8c7f6d3842c,1.0,0,0,0.3877188923218773,10,1,True,True,0
75811130-68cb-4d28-a200-51ba69985985,1.0,0,0,0.8167444101937911,10,1,True,True,0
2f5b8711-8bb9-46b9-90d4-7f9b6b84a269,1.0,0,0,0.5026052401401108,10,1,True,True,0
7c6f00e0-96da-4d7b-9961-40df80f613a1,1.1,1,0,0.5316627659115943,10,1,True,True,0
3ac83a7b-fd8e-47df-9d33-5c07bdb4c186,1.0,0,0,0.11153559137078795,10,1,True,True,0
755b30a4-eba1-4aea-b28e-3ede9ae97189,1.0,0,0,0.7530822068482192,10,1,True,True,0
87cf36bf-cb2e-40b7-8654-2607578ab9aa,1.0,0,0,0.32089440864493113,10,1,True,True,0
16b56086-72f8-4396-a677-271bf55d29c0,1.1,1,0,0.6686864915701014,10,1,True,True,0
c3847a8a-10e6-48a1-8293-918db0511c3f,1.0,0,0,0.22977639467314637,10,1,True,True,0
f7b67549-02cd-4852-a406-93e1ba15fec8,1.0,0,0,0.9931404483334424,10,1,True,True,0
5854d89d-1299-4b1d-9f51-2ffbf75f122d,1.0,0,0,0.7152544594531016,10,1,True,True,0
01a22c6b-1299-4d1f-a6fc-04a47c9f7f66,1.0,0,0,0.7295907313096347,10,1,True,True,0
99b9699d-8031-4a6e-9ea3-06acb3d8c156,1.0,0,0,0.6483749574919544,10,1,True,True,0
0a962ff1-685d-46ab-b33b-59700386d41b,1.0,0,0,0.44286689872509766,10,1,True,True,0
b8550617-9ce9-4ea6-86f1-06704bf50cf7,1.0,0,0,0.7901223216806686,10,1,True,True,0
2e376b1b-7df6-4ce8-b125-9d554f8354a6,1.1,1,0,0.040460586017211475,10,1,True,True,0
824ff2d2-270e-4345-899d-98c7eb9e3fb9,1.0,0,0,0.5534769091168588,10,1,True,True,0
08eb29a0-8865-42ce-b65a-613d33c3356c,1.0,0,0,0.7170839690746048,10,1,True,True,0
5906117a-9f25-4f8d-aab0-4f9d4c8d116e,1.0,0,0,0.3417467940912201,10,1,True,True,0
96a2ebf8-5d38-4583-b3c4-c0e9dbbb4437,1.1,1,0,0.44661955513159324,10,1,True,True,0
d0d93342-be87-4fd4-bcde-6ee5cc8379d1,1.0,0,0,0.2159662076816693,10,1,True,True,0
392fa8c5-3e79-4081-8665-466d2a54ba0f,1.0,0,0,0.8382938984491556,10,1,True,True,0
8dd21f12-5832-47da-b9da-854c7b219907,1.0,0,0,0.4633111005405185,10,1,True,True,0
22a30d81-a5ce-44cf-b3a4-5309d29f5054,1.0,0,0,0.517994373893449,10,1,True,True,0
bb08cf80-0443-4636-9027-3bf3a910ce66,1.0,0,0,0.9736504614769469,10,1,True,True,0
34589d1a-8dad-4e28-8a32-a8bdc90418f2,1.0,0,0,0.6157672096654069,10,1,True,True,0
a20052af-37f9-4a50-acf6-8e8d3b8d7a3c,1.0,0,0,0.8456778392610039,10,1,True,True,0
78152008-ee78-42a9-9b01-a1c3e3f0f481,1.0,0,0,0.08482863120477002,10,1,True,True,0
5b9c2d2f-e95f-4a27-8dad-0317b5aa1026,1.0,0,0,0.346827006529727,10,1,True,True,0
3734127c-c455-4338-9917-d13d7ccc9ed1,1.0,0,0,0.3740099704101306,10,1,True,True,0
0850f0ec-44e6-4e7d-b3b6-2bfcaef245cb,1.0,0,0,0.17414009987138834,10,1,True,True,0
0e678b11-0af7-46d8-a959-c8359041ff99,1.1,1,0,0.3129064007491895,10,1,True,True,0
06f94a04-34c3-46ab-a2ce-d1501dfeafb4,1.0,0,0,0.026552388266140148,10,1,True,True,0
fa553b76-18d9-4966-8f69-49ce95df9c60,1.1,1,0,0.32590919069079416,10,1,True,True,0
205adce6-9080-4fc9-94dd-40e6fb61b259,1.0,0,0,0.33052313562617386,10,1,True,True,0
3234f78c-edd3-47f0-8114-bc06fd31dd5f,1.1,1,0,0.9802790623592464,10,1,True,True,0
cdd8b412-f310-4387-bb7b-d145355699d3,1.0,0,0,0.2735868877209492,10,1,True,True,0
6cb4e789-b635-439f-9bd1-a1297c7f1843,1.0,0,0,0.06089617660739022,10,1,True,True,0
4cd66fa4-7e55-4193-9dd0-5a9626c4d563,1.0,0,0,0.02795549160053612,10,1,True,True,0
04b5a4b2-a560-4ca5-a1a9-efdc7d8d1e73,1.0,0,0,0.4141591777004441,10,1,True,True,0
e207066a-a0e4-49ea-838d-1211e703b04b,1.0,0,0,0.4844321510915953,10,1,True,True,0
3b5ec38a-bddf-4cd4-862f-5142c66f9d31,1.0,0,0,0.5243475557728728,10,1,True,True,0
33877c74-5fc7-49ff-b414-341ccd3c5a14,1.0,0,0,0.23494120674203978,10,1,True,True,0
40de66d8-e0da-44da-bbde-c14ef17f76ba,1.0,0,0,0.9431716432610135,10,1,True,True,0
5262c83d-cf47-4903-bc5f-0caa11a76b1b,1.0,0,0,0.15720497644659037,10,1,True,True,0
83e37ce9-71cf-45f9-83c3-be770b867e99,1.0,0,0,0.2861702756494452,10,1,True,True,0
78cd23e7-495a-47b5-8f83-3b86b5769761,1.0,0,0,0.2946992846685612,10,1,True,True,0
e94289ea-877c-4812-9a6c-005e1dce901a,1.1,1,0,0.37392169545744536,10,1,True,True,0
9d6acf17-c525-41ec-ba19-978602e92a7b,1.0,0,0,0.23910228651269316,10,1,True,True,0
bbf21137-d363-4624-9bd4-9dfa60890ce1,1.0,0,0,0.40834164925839145,10,1,True,True,0
74fd78a5-fadf-4c1a-be11-771f4f402949,1.0,0,0,0.6121792318071025,10,1,True,True,0
8cc1da23-c825-4f58-bb2e-8b08e6bf5597,1.1,1,0,0.42626512168618,10,1,True,True,0
38ea52af-22f1-4165-ba78-20ecc30b6dd3,1.0,0,0,0.9615014099133904,10,1,True,True,0
c8b0e927-e4e5-4d23-8f81-f3b5abb592ea,1.0,0,0,0.9475464632466929,10,1,True,True,0
796b154b-8335-4a5b-8fc5-9510a5208ef8,1.0,0,0,0.19533838317197916,10,1,True,True,0
b77c4723-8ccd-48ed-9f1c-1350d26681d1,1.0,0,0,0.5375920415869053,10,1,True,True,0
420185df-e826-4be5-b9c1-53824dc659c0,1.0,0,0,0.669735607510973,10,1,True,True,0
ad2aa1c0-cae7-4b17-a2e4-e9a7b5fd082c,1.1,1,0,0.39682734027169053,10,1,True,True,0
bb2dff11-7cd0-4ab9-ad04-82d4be42ac61,1.0,0,0,0.11552517314361632,10,1,True,True,0
72b0c01d-8844-469f-a379-44eb65367308,1.0,0,0,0.2463007778839531,10,1,True,True,0
1dfc3bd4-41d5-4237-8948-4d3c6a46624f,1.0,0,0,0.3944535586289172,10,1,True,True,0
cc188bda-40ee-43d6-96e7-3e4d9122067d,1.0,0,0,0.6207936114260025,10,1,True,True,0
46c50419-6758-4829-96ba-60874a6d4404,1.0,0,0,0.9799663065831369,10,1,True,True,0
d79a3c09-e8c8-4be8-bf44-4c88c8703954,1.0,0,0,0.3618550846364651,10,1,True,True,0
473c78d9-e9ad-49f5-9878-9c3fc71756b7,1.1,1,0,0.34840027679157826,10,1,True,True,0
312fa9f7-04a5-4911-bf63-dd01e9849198,1.0,0,0,0.9937065783699935,10,1,True,True,0
0d8bd838-22c5-406c-aa32-bf445eb99de6,1.0,0,0,0.5910346654110936,10,1,True,True,0
ff31f369-a570-4be2-8e38-a252c5552aa3,1.1,1,0,0.010437713116037473,10,1,True,True,0
87692fbe-3cc9-4421-a424-730be3d9171e,1.0,0,0,0.11380985894926055,10,1,True,True,0
2e59951c-3d54-41b5-b09f-7de62b43abc4,1.0,0,0,0.15493965710425106,10,1,True,True,0
c1aa885d-21a8-457e-ab0e-523a4ad3b9a1,1.0,0,0,0.44735520576868815,10,1,True,True,0
689a878b-6bc6-445c-85b1-fa8f98ea21db,1.2000000000000002,2,0,0.4206068537023271,10,1,True,True,0
a61ce8a9-6af1-4c09-afca-940abbd427cf,1.0,0,0,0.2692164913794295,10,1,True,True,0
cee0c0fd-3fe1-42f6-9712-e966ce0584f4,1.0,0,0,0.13362839729672926,10,1,True,True,0
ba01d3d3-a11a-4ec5-a841-ccb9c61ffeda,1.0,0,0,0.57173756370533,10,1,True,True,0
01f98ac4-a15c-4b51-a77b-e95d898412c4,1.0,0,0,0.18708362779542909,10,1,True,True,0
3ec1775d-d2fb-447d-841a-c753e5b2c432,1.0,0,0,0.7980345500014598,10,1,True,True,0
4ca9c144-92a5-4a8b-bdd0-a80ddcf63595,1.0,0,0,0.5009993035013556,10,1,True,True,0
c423e747-1afa-4c19-997e-049a4f1105fe,1.0,0,0,0.8600754332007284,10,1,True,True,0
33a31607-dc71-4562-b1bf-88ea5871f64a,1.0,0,0,0.026011155049580514,10,1,True,True,0
c206e25b-91d3-4b05-ab58-b22c81f6caaa,1.0,0,0,0.11981378308680701,10,1,True,True,0
eebb3ea7-f75e-42be-b283-749364b7cda8,1.0,0,0,0.20368914264910776,10,1,True,True,0
3dd573f6-9c07-4de0-8165-e74d042ea733,1.0,0,0,0.5854449308321749,10,1,True,True,0
860d9169-c637-4992-b503-4e415055150f,1.0,0,0,0.01195356825816718,10,1,True,True,0
a1e08337-a896-433b-bff3-7e2f7738900f,1.0,0,0,0.0571533723268306,10,1,True,True,0
5fb01805-217b-47a4-b078-bbe125e9f8ad,1.0,0,0,0.10848438649441017,10,1,True,True,0
df71ee3e-ae29-4a85-8f83-2de8ac0841ae,1.0,0,0,0.7333304195675387,10,1,True,True,0
edbffaff-a9a5-48f5-be13-3fc0bb92b8d5,1.1,1,0,0.7625932933900339,10,1,True,True,0
f05a76e5-0973-4040-a32b-ff58997d51e7,1.0,0,0,0.4014891720853737,10,1,True,True,0
e437e0f6-ece2-408d-8e67-69a0775f8405,1.0,0,0,0.4549258455153178,10,1,True,True,0
bef98ed2-cdce-4e97-b061-6c3d24c9fd08,1.1,1,0,0.3176011652182771,10,1,True,True,0
bcac9aa8-809f-46b5-a08c-4bdc7394211f,1.0,0,0,0.6252358215605843,10,1,True,True,0
cfb3c12d-e7ab-49f8-be9b-fd80bdb9cbee,1.0,0,0,0.7497676929239279,10,1,True,True,0
362ce589-ea56-40a5-9fb9-1f12d1ea2d4f,1.0,0,0,0.2090626630417175,10,1,True,True,0
c01c8063-c2d6-400a-9f0d-dcdbbbae042f,1.0,0,0,0.6046058401934661,10,1,True,True,0
94377a85-2631-4780-bd6d-18a8547661b9,1.0,0,0,0.5429519061837754,10,1,True,True,0
aafdffb9-788e-484b-8962-e5a260aa4c87,1.0,0,0,0.4498796608604525,10,1,True,True,0
7294b82a-e7ce-4b57-ad46-1386df5693ce,1.0,0,0,0.04002083152044378,10,1,True,True,0
12625ed8-1a0b-4ef4-8157-644a54cfc929,1.0,0,0,0.600440476182157,10,1,True,True,0
d8a2af70-87d0-46a9-99d4-65d2f1443797,1.0,0,0,0.8150175261548755,10,1,True,True,0
43b3f65f-043e-444c-8380-9e0b7d5d0de4,1.1,1,0,0.4659294921775634,10,1,True,True,0
9e410448-5823-427f-8c98-1bade44224c1,1.0,0,0,0.9532972779194707,10,1,True,True,0
113671e5-4abe-4e46-9f68-b76150b8a9fd,1.0,0,0,0.0988886531038905,10,1,True,True,0
b2e823e7-e08e-4d09-aefb-13295f2c8ab8,1.0,0,0,0.928337465361864,10,1,True,True,0
62abe234-3281-43ef-a061-e4f85a905db7,1.0,0,0,0.9279721516360804,10,1,True,True,0
7d0d5584-7662-4636-9448-a6ec0e91d392,1.0,0,0,0.8519045172872037,10,1,True,True,0
f1e513b8-feb6-4f2a-b6cf-02f09578db08,1.1,1,0,0.4082104235190087,10,1,True,True,0
dad3815d-7e03-4408-8492-a2a3f88b723c,1.0,0,0,0.3028260332380407,10,1,True,True,0
0f189266-67e8-4c4c-b2a0-36596de51372,1.0,0,0,0.7188262086649029,10,1,True,True,0
c2c20e8c-954e-4f0d-8af4-cdb4db4986f5,1.0,0,0,0.33338644564601627,10,1,True,True,0
d16d119d-f3da-4d34-996a-e0d71f4ee5a6,1.0,0,0,0.16198029093191557,10,1,True,True,0
395f7f5d-0d69-4730-be1a-4bcaec52726e,1.1,1,0,0.26727743749850075,10,1,True,True,0
a98a1599-388f-4ff5-a7f9-bdfb7b9e3c07,1.0,0,0,0.7686230762524555,10,1,True,True,0
076b43e2-4d27-4b78-9f2b-890ed5a08a6b,1.0,0,0,0.8735043104398228,10,1,True,True,0
1e7803fb-5dd9-414e-a976-eff96bf655b1,1.0,0,0,0.20806437857752624,10,1,True,True,0
4b12d881-1a3d-4f54-b727-b170c9837305,1.0,0,0,0.03198359376131665,10,1,True,True,0
31f3c9b8-5cb1-43f6-961c-b7aa8a450fb8,1.0,0,0,0.8422947900648033,10,1,True,True,0
82cc7104-15eb-405f-858a-6342090a4e87,1.0,0,0,0.31768911748014605,10,1,True,True,0
7fd3b2b9-736f-4a50-b9e7-75f6c346586b,1.0,0,0,0.35267479065188023,10,1,True,True,0
764e3e1e-5134-451f-b602-a0e60a0400b2,1.0,0,0,0.4995781320782159,10,1,True,True,0
c09fa4de-4dc4-44d0-a176-fbd6bee9fbf8,1.0,0,0,0.8563664479840021,10,1,True,True,0
8ee9d1bb-1c06-4c99-8afd-9006d89e5196,1.0,0,0,0.8697866954100181,10,1,True,True,0
5665421b-eb7c-4d09-b57e-49d6cce9c5c4,1.0,0,0,0.1701440044986816,10,1,True,True,0
3ec6b7df-40df-4603-9123-3f241c135b65,1.0,0,0,0.17575870489695333,10,1,True,True,0
3577a78e-82ab-4863-ae41-d3de8c04efa0,1.0,0,0,0.99917037859975,10,1,True,True,0
d3b82b0d-4fb0-4bad-a571-0feb2fe4f61c,1.0,0,0,0.013006972568932906,10,1,True,True,0
2ebde560-eaef-4a4b-a9b8-486896c5e647,1.0,0,0,0.061417615010486926,10,1,True,True,0
cacf4ed2-ea84-4d41-977b-d2243bd4dabf,1.0,0,0,0.5002447178670244,10,1,True,True,0
bb415a12-c59e-4e0b-8b4a-44b33783c4ae,1.0,0,0,0.012860727240284864,10,1,True,True,0
b837167d-afb3-486c-b204-4c6640d49624,1.0,0,0,0.24987499822922743,10,1,True,True,0
7690316e-ac3b-4aa4-a737-a7dacf46ce1d,1.1,1,0,0.37003449791740695,10,1,True,True,0
f4c733ed-b718-4ab3-88b3-67f7180bea60,1.0,0,0,0.3119786880393136,10,1,True,True,0
a62a5078-50be-4822-b43c-8c014ed35b22,1.0,0,0,0.24699730586695934,10,1,True,True,0
89fb2768-912b-42f8-9c7a-634dd0b86c82,1.0,0,0,0.9693187204970685,10,1,True,True,0
a4ce3921-a0cf-4492-af21-5f32086aa393,1.0,0,0,0.7250957289631743,10,1,True,True,0
14cd9d52-5a82-4a74-a574-4d2502028e93,1.1,1,0,0.9384274435217822,10,1,True,True,0
d5846c7f-da30-4fa0-8829-91f8438620d7,1.0,0,0,0.6660203634652851,10,1,True,True,0
07526cab-2289-4f4f-b61d-94a1187a78a9,1.0,0,0,0.5829191721508696,10,1,True,True,0
1e4397fb-9531-48b3-91b6-6671168270a4,1.0,0,0,0.6013831179226735,10,1,True,True,0
9f2a79b1-f283-48a3-84fc-89bcfd992228,1.0,0,0,0.763868016976423,10,1,True,True,0
9906d51f-ab77-451a-93ad-cf3dcc973009,1.0,0,0,0.05309799684710459,10,1,True,True,0
dcf713b6-1941-4b9b-8809-094bbcce151a,1.0,0,0,0.5478023280833897,10,1,True,True,0
d3ddac4b-5322-4772-9ab2-1ca533b88f60,1.0,0,0,0.11219073991211936,10,1,True,True,0
e8ebb153-a7e9-4f62-8e3f-494fd6c2adbf,1.0,0,0,0.7429005532760425,10,1,True,True,0
70b6d33a-c5b5-463f-b112-d96bcfc33ee1,1.0,0,0,0.8626804617205146,10,1,True,True,0
2f0dae6b-fbcc-4004-b090-92d5213e6821,1.0,0,0,0.2507981009635013,10,1,True,True,0
8e5b57ab-c99c-4f66-ad67-d9188219eaa6,1.0,0,0,0.6867232740074389,10,1,True,True,0
05723deb-2c64-4ada-ab77-02c80e141b38,1.0,0,0,0.7789363574795604,10,1,True,True,0
e456e01e-f73f-47bc-bc12-335d0801d9de,1.0,0,0,0.8443016827428297,10,1,True,True,0
764aeabd-ac4d-4528-8869-10c2c7671894,1.0,0,0,0.8825318487218237,10,1,True,True,0
02013a09-b085-4875-b709-4dbe3dfc0e98,1.0,0,0,0.505184809810398,10,1,True,True,0
4bc2e265-04ed-4639-aba0-f9a310b3df7c,1.0,0,0,0.7773224328461975,10,1,True,True,0
fee0aa3e-cbf6-4d63-bae2-92e911b321b2,1.0,0,0,0.7210875874501461,10,1,True,True,0
06fe6d6c-0aca-40d5-b9d2-ecc854b9708d,1.0,0,0,0.8930023065334045,10,1,True,True,0
1a10a58e-d557-42d9-9e23-34553b9b8617,1.1,1,0,0.6072140069902471,10,1,True,True,0
72e58569-e34c-4fd0-8183-ea247d720d9d,1.0,0,0,0.6122378060586796,10,1,True,True,0
68b174a4-c6f1-41e4-99c5-630d42dfd200,1.0,0,0,0.011109545813834165,10,1,True,True,0
4dcd0f05-7bf8-40fc-87b2-d087b294b08f,1.0,0,0,0.6081330611405705,10,1,True,True,0
8040603f-4a89-4e59-990e-51052d44db35,1.0,0,0,0.21882277158427021,10,1,True,True,0
29806411-72a9-4c54-8ed8-3fe82f4f4b6b,1.0,0,0,0.274076198938484,10,1,True,True,0
7205a65b-a2a9-4689-947a-4bb524f305f7,1.0,0,0,0.7058338391387149,10,1,True,True,0
9dda2a0c-9eec-432b-a28c-a355d5a875f2,1.0,0,0,0.8629433321957375,10,1,True,True,0
0cdab143-a95d-4c71-8c09-d6e384a7e7ae,1.0,0,0,0.5778721737401641,10,1,True,True,0
32f88734-07a1-450c-be88-ed10fdaadcd9,1.0,0,0,0.05277127262723669,10,1,True,True,0
b6d85c46-7e5f-49e0-9f94-034a02cdcb9f,1.0,0,0,0.3814214801475184,10,1,True,True,0
4ffcef0a-2db9-4a19-8678-1b1ee1e4e15d,1.0,0,0,0.06296068388548248,10,1,True,True,0
1bfd9495-028b-4df7-9707-fd65f9fe90a7,1.0,0,0,0.33321315477590685,10,1,True,True,0
aec2363d-6dbc-48b0-adff-969b9889c874,1.0,0,0,0.3657837897031111,10,1,True,True,0
d9764556-b96f-4d9a-9a95-a88ef0f010e3,1.0,0,0,0.5336209345995193,10,1,True,True,0
d323636f-7c1a-4114-98e2-ee08d51f4f56,1.0,0,0,0.790317558652769,10,1,True,True,0
494632bf-2c02-4ca8-9714-ee42b3a2dec8,1.0,0,0,0.9041406762890533,10,1,True,True,0
74b5d00c-acf7-4e50-b8bc-6e8bcfff11dc,1.0,0,0,0.07348969864198629,10,1,True,True,0
7525c3af-01a5-45d8-a4a1-f19d323381bf,1.0,0,0,0.6476672699218886,10,1,True,True,0
28c0e66f-20c3-40b8-b8e2-b7999602b09c,1.0,0,0,0.9733293559681794,10,1,True,True,0
517cc942-8b9c-45f4-9020-60937373188a,1.0,0,0,0.04260176153934181,10,1,True,True,0
e1934420-7df1-43ce-9ece-4a45c1642549,1.0,0,0,0.21730486911871905,10,1,True,True,0
7adac147-f971-4ce6-9634-2e94ec0e697a,1.0,0,0,0.6098336669788789,10,1,True,True,0
162faf11-c60a-49b6-bb8a-0228b0380627,1.0,0,0,0.239949566808488,10,1,True,True,0
ea0bfa72-85fb-43c5-a3c4-821142e9d620,1.0,0,0,0.20609007408194924,10,1,True,True,0
1d14857e-f253-43fa-b8be-53b50dd5d171,1.0,0,0,0.5325194427767223,10,1,True,True,0
d13ed08a-798b-4a41-a057-e0fd310d0eef,1.0,0,0,0.5115710075596076,10,1,True,True,0
f200a52a-0f2a-4393-8cdd-3962b26d584b,1.0,0,0,0.07713341594868517,10,1,True,True,0
da95c013-922d-4f23-82ef-ee65172b0a92,1.0,0,0,0.5378259330363329,10,1,True,True,0
6c61540d-0503-4ce7-9db2-4ac1adebffde,1.0,0,0,0.22056568309048408,10,1,True,True,0
7180746d-1238-40fb-867b-7e726e9ca919,1.1,1,0,0.4035320625129737,10,1,True,True,0
54795b8e-e57e-4284-8a86-1c026e848e20,1.0,0,0,0.04232715701239087,10,1,True,True,0
8de715a9-b2c6-497d-beab-52695a1c1c91,1.0,0,0,0.5110871408267069,10,1,True,True,0
f18f67a2-1afa-4e9d-8d9f-88e444da348f,1.2000000000000002,2,0,0.749972337090843,10,1,True,True,0
906fed44-3918-4520-ac18-942fcca34466,1.0,0,0,0.7639461458960088,10,1,True,True,0
923d605e-fac8-41d8-865a-dfa468d3497c,1.0,0,0,0.25113865512806477,10,1,True,True,0
2ade2593-524e-433c-92db-ae5201f5e9fe,1.0,0,0,0.03455315739355247,10,1,True,True,0
899c43ae-89cc-4204-84a2-a621d4ca3f91,1.1,1,0,0.37695194350637595,10,1,True,True,0
25b7775b-03db-4352-ae23-cb5384f0c585,1.1,1,0,0.8281619110991995,10,1,True,True,0
9f421b5c-1454-40bc-b1b5-d96ac700a4a7,1.0,0,0,0.21018376564057462,10,1,True,True,0
bf2e6f84-0c17-4353-9920-4bd41f840688,1.0,0,0,0.14492238725890894,10,1,True,True,0
a0fb0038-d82a-484b-a1ed-8aa832d41b05,1.0,0,0,0.7210641657931163,10,1,True,True,0
3b6c21d0-4067-4734-ae31-30119be04b43,1.0,0,0,0.596400254268683,10,1,True,True,0
57183b22-26cf-4194-96f1-8cf9f8da860f,1.0,0,0,0.35799541131411783,10,1,True,True,0
50ad7ab5-2521-4de9-aa51-769c2b65b4ab,1.0,0,0,0.10158277074390254,10,1,True,True,0
1e750611-6cc7-44be-9e75-65b8c02cdd0b,1.0,0,0,0.5566647197271769,10,1,True,True,0
5ec1098e-545d-4e32-98c5-261c5487ccc8,1.0,0,0,0.7549596684093238,10,1,True,True,0
6a641f1a-ef4f-4031-a9d5-8aff7cf5d033,1.0,0,0,0.9930021596587483,10,1,True,True,0
e2d4b69e-1d80-48ca-8573-60b83f0e99fb,1.0,0,0,0.5196004803920785,10,1,True,True,0
6aa829f2-e0be-451e-b666-495492ed63e7,1.0,0,0,0.7378382114910961,10,1,True,True,0
31562298-6e81-420a-aed5-2094e6140424,1.0,0,0,0.1348458515482125,10,1,True,True,0
d934f57a-2c26-42da-8ff1-e0a2a5baa453,1.0,0,0,0.46695545677148853,10,1,True,True,0
0a0857ad-5d6a-45c7-96f2-4fc7c3671f5f,1.0,0,0,0.6656051863221012,10,1,True,True,0
37b8c553-2efa-42e6-affd-10ab9c989f16,1.0,0,0,0.7023380094276784,10,1,True,True,0
01e656e6-6bb4-4669-832c-8d462f9b7963,1.0,0,0,0.7058239182428523,10,1,True,True,0
65015646-33a0-41f3-a642-8907b7ba7a61,1.0,0,0,0.5848441904517897,10,1,True,True,0
b78a41af-99fb-4c56-91a5-aeb2f5395c74,1.0,0,0,0.10587111151444573,10,1,True,True,0
41f978e2-71aa-4c6b-af05-012498e3b334,1.0,0,0,0.3562249887497114,10,1,True,True,0
29934e03-277c-42d2-980f-c4d235b327a7,1.0,0,0,0.10533307824042826,10,1,True,True,0
e00c7474-3ed0-4f79-9826-a4caac1eb01c,1.0,0,0,0.756351502028799,10,1,True,True,0
fe43a9d6-f77d-4280-b86d-3603b5e87630,1.1,1,0,0.3216571261747051,10,1,True,True,0
fd0f4903-c43d-4488-a1ff-5f99405d696d,1.0,0,0,0.338272783122341,10,1,True,True,0
d3036259-c8e8-43d3-9613-b00c23bd6265,1.0,0,0,0.550056252724117,10,1,True,True,0
faab2c77-a97c-4bbd-b81c-2ea89866e8bd,1.0,0,0,0.779154795380488,10,1,True,True,0
fc9ba215-bb71-4969-b199-ad8bbdc23d48,1.0,0,0,0.8830555437166703,10,1,True,True,0
98fe545e-04cf-4b86-9e79-25f71bacf0fb,1.0,0,0,0.37188434998094777,10,1,True,True,0
1eac4939-a1ec-4446-8524-30fd93cef676,1.0,0,0,0.2782757771191572,10,1,True,True,0
3a9afb86-03cb-4411-ab0b-f575ecc94d4d,1.0,0,0,0.8199500263524064,10,1,True,True,0
9be4e8d8-43ea-4a0f-94a0-84903b33782f,1.0,0,0,0.5670527559288921,10,1,True,True,0
df346044-c202-47c4-adde-07e4cef401f5,1.0,0,0,0.6705649443367253,10,1,True,True,0
be73ecb8-7c52-44cc-a717-1d06efa7f0ec,1.0,0,0,0.4269137118081222,10,1,True,True,0
ce0ae30f-4042-4cd8-ad20-1bce7a573a44,1.0,0,0,0.3258906039506969,10,1,True,True,0
d57ea130-a20d-4c88-add3-6e19e8c72a44,1.0,0,0,0.2270365937880785,10,1,True,True,0
e8884e36-3d6c-42f7-8203-565fdb020c05,1.0,0,0,0.7795344824949486,10,1,True,True,0
f3d9ad0a-74c8-4bea-8a41-4c8a31902bc6,1.0,0,0,0.0639607043427245,10,1,True,True,0
43a7ed4a-3673-424d-bd78-b9e8ba884325,1.0,0,0,0.7852837167727269,10,1,True,True,0
0b41cf63-c329-4180-990b-1fc773e57d92,1.0,0,0,0.853421430058877,10,1,True,True,0
c06509a6-294b-4dfe-a98e-67a00ec54183,1.0,0,0,0.2153580403848896,10,1,True,True,0
edecd7ea-2941-4403-84c9-32bab385b1c0,1.1,1,0,0.19936265959348398,10,1,True,True,0
d9e88902-ede4-4102-bfe3-58419277cd84,1.0,0,0,0.009107192817555232,10,1,True,True,0
a793b803-30f5-494e-9b10-1e131ead9bf7,1.0,0,0,0.7068905288051327,10,1,True,True,0
d0a7f255-ff58-4a0e-a1a3-f21ce190b440,1.0,0,0,0.7959777350775481,10,1,True,True,0
d628ae61-c561-4dec-9be1-fd59aeb000aa,1.0,0,0,0.6296431897442293,10,1,True,True,0
e56ed82d-c48c-4359-974a-8a3406ab492d,1.0,0,0,0.5344561301204622,10,1,True,True,0
a2c2a434-8659-4863-a51d-ca5ed5ef7ed7,1.0,0,0,0.8313248722970189,10,1,True,True,0
436f30a5-8da7-401b-bd3f-3eda7787f0c0,1.0,0,0,0.2126129143098534,10,1,True,True,0
79cf3923-9498-4ec0-a000-ec1bee1aa7a8,1.0,0,0,0.6423860252724151,10,1,True,True,0
5392356e-76ad-488a-a1c5-750d7ea59ae1,1.1,1,0,0.9745790067631088,10,1,True,True,0
9b43f795-5ea5-4080-bbaf-a07499e0bd65,1.0,0,0,0.06414119305679711,10,1,True,True,0
07833f23-bb9e-4884-8f85-9a1f4b35f589,1.0,0,0,0.20774945067902906,10,1,True,True,0
a262a9cd-4021-4e90-9855-a321eb87b4c1,1.0,0,0,0.6559855850643246,10,1,True,True,0
5193830f-96f5-449b-bf38-e3646fb73467,1.0,0,0,0.08008617580318611,10,1,True,True,0
621ab3c0-561f-4cdf-80c5-6815805b3891,1.0,0,0,0.014441649554465252,10,1,True,True,0
d36d1694-e468-4727-9046-da53f6fae620,1.0,0,0,0.6052912628979041,10,1,True,True,0
f406b1b4-6c01-4478-af2c-3ef2fcde4bd4,1.0,0,0,0.16592076677616696,10,1,True,True,0
312270af-0321-45ca-99d2-e27c152c18e4,1.0,0,0,0.23593483477235222,10,1,True,True,0
6f3585f3-cb80-4a0b-9688-5cc78c230fab,1.0,0,0,0.06296947230041294,10,1,True,True,0
34a14942-5e97-447b-952a-74419a4434c7,1.0,0,0,0.03257376047511695,10,1,True,True,0
d29e8277-5bbd-413a-8c69-c1f04fb09212,1.0,0,0,0.8302375837067951,10,1,True,True,0
a00e6f32-494b-478f-95ff-2e030088ad12,1.0,0,0,0.9897441553283459,10,1,True,True,0
954f1a28-923a-4bf4-a712-30d9a595b650,1.0,0,0,0.838075766142822,10,1,True,True,0
832726c2-310c-4675-ae58-87c9bd3349c5,1.0,0,0,0.5393052299524361,10,1,True,True,0
3aa382ee-ce20-4cdd-89c8-f930274e453f,1.0,0,0,0.28572845533602886,10,1,True,True,0
0724b9b3-ca37-4ebe-856e-d65791f7195c,1.0,0,0,0.3245698778142371,10,1,True,True,0
d6798d09-7509-488e-a102-d97d95544ca8,1.0,0,0,0.02022797694751055,10,1,True,True,0
8451f72f-6aed-470d-b8d5-bb6c713e2948,1.0,0,0,0.8202448984462003,10,1,True,True,0
740bd473-d2fd-4f67-be1c-689fe230686d,1.1,1,0,0.8514037617171405,10,1,True,True,0
4b855944-d4e6-4be9-b595-2712eab61b3b,1.0,0,0,0.8131932539254557,10,1,True,True,0
6f7b579d-c76b-445e-a9d8-5b22eb03d35f,1.0,0,0,0.7083179453897424,10,1,True,True,0
e6126b3a-e3c4-4aeb-a1b5-89bf16c0f1d7,1.0,0,0,0.9617630126652417,10,1,True,True,0
97893132-e3a8-4aaa-8d41-5ae63e3c30aa,1.0,0,0,0.09721042890106546,10,1,True,True,0
49f0b15e-2001-4757-b085-d7358381bef1,1.0,0,0,0.8096677086761191,10,1,True,True,0
d356a52a-209c-4a25-a0a3-4ec754ab2b0c,1.0,0,0,0.33520145256971157,10,1,True,True,0
5bca5fbc-02f1-4393-89ab-af0f0285a56e,1.0,0,0,0.9528791581997189,10,1,True,True,0
3c4c1ad7-1e0c-4d3b-90ea-7d295c03580a,1.1,1,0,0.5191892185102941,10,1,True,True,0
60a2d24b-0433-4014-90e8-e47b714853c9,1.0,0,0,0.8604119014945482,10,1,True,True,0
ffe6cb78-2281-4d8b-8206-0333aac47aa6,1.0,0,0,0.7448870934162384,10,1,True,True,0
03984463-5250-408c-a169-8a8526ec1203,1.0,0,0,0.8648569686776737,10,1,True,True,0
5daa7b51-d895-4916-910a-cf20d24c7fcb,1.0,0,0,0.24292043369526306,10,1,True,True,0
a9d1936e-989c-4203-8007-f6e78c2e8459,1.0,0,0,0.25065407472857015,10,1,True,True,0
3567d0dd-c725-4611-9ff2-133ac3da608c,1.0,0,0,0.966828007930578,10,1,True,True,0
83fef7a8-8a48-4dfc-aae4-e38189be7998,1.0,0,0,0.9007148704559675,10,1,True,True,0
c358d19b-8909-437d-995d-6c84e85bcadc,1.0,0,0,0.2791222999988928,10,1,True,True,0
ee61a265-a1db-43d3-af9b-0a34917ed86f,1.0,0,0,0.8787581025632032,10,1,True,True,0
f67cbab4-90e2-4c6d-995a-f6df483c156b,1.0,0,0,0.35415484198266656,10,1,True,True,0
bab97a78-eecc-477b-ab72-b4aac4f79236,1.0,0,0,0.8521398923158611,10,1,True,True,0
128fd621-1d79-4ec1-8e40-4b7497858758,1.0,0,0,0.9795096190196989,10,1,True,True,0
da014a67-6f7c-465e-945b-fa191bd7ad66,1.0,0,0,0.7543421019129305,10,1,True,True,0
d4e05274-19f6-4be0-ab87-2525725ddff7,1.0,0,0,0.03817875569522888,10,1,True,True,0
da568721-6489-43fa-b1e0-d6134ebbb342,1.0,0,0,0.3572862481082968,10,1,True,True,0
f9a44cc7-c7db-4bc4-a2ba-610eca3742b6,1.0,0,0,0.07816466917419418,10,1,True,True,0
dc8f9526-25e6-41d5-a410-49a563a56e5c,1.0,0,0,0.841503866485849,10,1,True,True,0
b634d692-78df-4ae9-b017-d6f545acc239,1.0,0,0,0.4812370689827363,10,1,True,True,0
482c239c-4cc5-41e1-ba24-d464710d9b5e,1.0,0,0,0.44575197046084003,10,1,True,True,0
775ce68f-8ade-4b24-8648-2e8130fa7016,1.0,0,0,0.36240319563851897,10,1,True,True,0
8d8bc929-bb20-4d4e-bd94-f4dabc797304,1.0,0,0,0.9343287812123453,10,1,True,True,0
5c27c9fa-50f6-4c7b-9b5a-600f2239499e,1.0,0,0,0.4561162008298748,10,1,True,True,0
fec4258e-a9ea-4d71-a6c8-ccc70f836a25,1.0,0,0,0.011009034063110712,10,1,True,True,0
dd8a6ddb-abc8-4c6e-9396-24a3997a2791,1.0,0,0,0.6697055227508669,10,1,True,True,0
7a6bffe0-09ba-4e80-9bbc-a712098cf5f1,1.0,0,0,0.3004454313800067,10,1,True,True,0
66d261c2-e1bf-4dc7-be02-aac5d6cebec5,1.0,0,0,0.13816866241434855,10,1,True,True,0
fb97d748-c728-44c3-a187-294575ad364f,1.0,0,0,0.8329396534229007,10,1,True,True,0
ef64037b-dd48-44f1-83d3-8186d0938ce1,1.0,0,0,0.14534776548345818,10,1,True,True,0
7ffb9b4b-792f-488c-8568-1917cf4a04c0,1.0,0,0,0.3892055240620519,10,1,True,True,0
e85d51ab-20c3-4015-b23c-66ec60af0137,1.0,0,0,0.4805475220281895,10,1,True,True,0
7b274173-7cf7-4f88-af83-6e015bd903e0,1.0,0,0,0.013149450209254954,10,1,True,True,0
cc1aa5db-23bd-4da4-b190-ca33db712955,1.0,0,0,0.3008514334982718,10,1,True,True,0
3908dd53-84ae-4d21-8859-2310df8b3d9e,1.0,0,0,0.40296927395283,10,1,True,True,0
91515e51-ee43-4a3a-befc-1e3611b00292,1.0,0,0,0.8502708032304556,10,1,True,True,0
a12a6d6d-4c35-4440-abb0-ed1849cea49d,1.0,0,0,0.6573720306498375,10,1,True,True,0
90288e0a-0032-4a9c-b022-01ce8f59242a,1.0,0,0,0.8703890866384745,10,1,True,True,0
d3b690d2-9b07-40ed-9788-3b0d54007fe2,1.0,0,0,0.9794342528790824,10,1,True,True,0
14912d9c-815d-4b0e-8edd-035a2a3ebc57,1.0,0,0,0.16959279952489303,10,1,True,True,0
8297790a-b8e7-4ea3-b338-6a2f62e73eb7,1.0,0,0,0.35895958603865985,10,1,True,True,0
bc7dc154-049b-49d3-b252-0aa1dea5b705,1.0,0,0,0.17223301067618646,10,1,True,True,0
bb288f33-5542-4d06-91ec-3d55955edb5f,1.0,0,0,0.10749403519064804,10,1,True,True,0
ddf62ca4-d438-4aae-89cd-0a9e025bd4e9,1.0,0,0,0.4492210170256139,10,1,True,True,0
e54d700d-f869-4752-8e83-05addb7a3a94,1.0,0,0,0.17014834189385564,10,1,True,True,0
a2dd5c16-fe20-4f19-b980-78bec83c0e3c,1.0,0,0,0.9246393554165107,10,1,True,True,0
8d10a5a4-617e-4ba1-b082-d9e355bc126d,1.0,0,0,0.6988877181188441,10,1,True,True,0
9c9fe761-8fe3-48e2-85a3-41d3b76d9a62,1.0,0,0,0.8754356968047243,10,1,True,True,0
303bd516-a38b-471f-aab1-576ba5a18241,1.0,0,0,0.5119170355109736,10,1,True,True,0
f6afdbc3-a5ea-470a-9265-e2922ad9c107,1.0,0,0,0.8477584325547541,10,1,True,True,0
63c83a07-c4e7-4a80-8700-af8ec16162aa,1.0,0,0,0.10025893757719961,10,1,True,True,0
645e5112-6f03-487b-b9a3-30cbd03b3bd7,1.0,0,0,0.3375744115508448,10,1,True,True,0
59b91a88-3f18-40ee-964e-fbe0b992918a,1.0,0,0,0.9867462835967094,10,1,True,True,0
9cb9144f-e07f-40a9-95ce-f5792dd964ab,1.0,0,0,0.194865757419048,10,1,True,True,0
53bb7e41-4104-4954-9bd5-367e8b16d2ce,1.0,0,0,0.47584294723711706,10,1,True,True,0
3c6e585f-b519-46de-9fee-55504a39c840,1.0,0,0,0.023155012875091474,10,1,True,True,0
e79dbdca-900d-453a-a112-7119e81fa741,1.0,0,0,0.030065765526860244,10,1,True,True,0
67970706-05e8-4b6d-8718-6beb65ffb086,1.0,0,0,0.38855771665654426,10,1,True,True,0
141bc216-1bd9-47c7-a651-6962bc1ee928,1.0,0,0,0.027808413317596314,10,1,True,True,0
3b505ab1-f76b-4b97-b641-a028d8e485df,1.0,0,0,0.8250453629357024,10,1,True,True,0
fbd90d8e-76f5-4cec-8296-b609af511a1e,1.0,0,0,0.028857308944704396,10,1,True,True,0
64302d35-cb26-40ca-8bb6-f603c56e1026,1.0,0,0,0.6385482918933619,10,1,True,True,0
cd2ac20b-f42a-4678-9cba-a158a7d5db17,1.0,0,0,0.3744313316505895,10,1,True,True,0
731d6ac0-0e66-439f-b05b-b2465ef5752f,1.0,0,0,0.8380085954062617,10,1,True,True,0
0c2c1253-8981-42e5-a7b5-c57c854e966c,1.0,0,0,0.8170677148558457,10,1,True,True,0
c8861c11-758f-4792-9586-f20c6c28af80,1.0,0,0,0.7173115766728306,10,1,True,True,0
c35c7d56-2e86-460a-9a0e-f10af4f0f87f,1.0,0,0,0.05156743408672526,10,1,True,True,0
740a3463-68a4-4ad7-9f65-3d2e53a7f5a6,1.0,0,0,0.5628439186154307,10,1,True,True,0
2306223e-ac79-4a78-8af0-8ac7f80761ee,1.0,0,0,0.3772857279164168,10,1,True,True,0
cab571c4-8e93-4be8-9553-0bda005603da,1.0,0,0,0.7648324985884577,10,1,True,True,0
48c36254-0a05-4184-96fc-6f76693a9165,1.0,0,0,0.20779534059367455,10,1,True,True,0
8a02fc16-9e4f-4c04-8208-4221d13bf2a4,1.0,0,0,0.3640009943157487,10,1,True,True,0
eaf40cb2-2785-4b72-a6bc-0790dc07fe3c,1.0,0,0,0.7685900004358611,10,1,True,True,0
6e7e1c64-331f-4f62-9bef-e8ea05ffd06b,1.0,0,0,0.4990665499280932,10,1,True,True,0
8832f448-153a-434b-a5c7-860b1b3c2011,1.0,0,0,0.5550124545334822,10,1,True,True,0
461b1d88-1060-45ca-966d-b60b2f439ae2,1.1,1,0,0.06552784945647627,10,1,True,True,0
c2b20037-b55c-46e6-a5aa-a663f5cdec82,1.0,0,0,0.653565232047725,10,1,True,True,0
a9980592-d4c6-4b3a-a2e7-e06e1716bb2e,1.0,0,0,0.9751835871518598,10,1,True,True,0
05d1a21a-e170-49d1-8c3b-0cbece9f235f,1.0,0,0,0.008141792765759881,10,1,True,True,0
db2dfc04-41e1-4848-a84f-41b750f70bb7,1.0,0,0,0.782567850842481,10,1,True,True,0
478463db-058f-43fd-91d4-31c15201383b,1.0,0,0,0.39779874611449717,10,1,True,True,0
7cfde293-b65f-49a4-8e38-c6cf90a0b25f,1.1,1,0,0.9007433776371955,10,1,True,True,0
f09f4554-e5cc-478d-8e11-5357f43f4e21,1.0,0,0,0.7161582692003788,10,1,True,True,0
163719a5-0103-44bb-a995-3d0a540639d1,1.0,0,0,0.44539365210463233,10,1,True,True,0
427012e2-940c-4419-9a63-d8fca01a6406,1.0,0,0,0.8446642752264351,10,1,True,True,0
4f9e9bf7-eab2-4e05-91c2-8462d8dcc0f7,1.0,0,0,0.3732411582384718,10,1,True,True,0
feedb7b0-2421-4df0-b633-6e9ef8f1e4c5,1.0,0,0,0.495833246026151,10,1,True,True,0
a4e32640-ab65-413f-b683-8ae2a6558536,1.0,0,0,0.5129470658651928,10,1,True,True,0
c6cf2563-94df-4761-b710-b459a75661e8,1.0,0,0,0.43189239869007523,10,1,True,True,0
95f12faa-67a0-4286-bd07-04587ac630f4,1.0,0,0,0.09388424926847361,10,1,True,True,0
ee26c99d-f405-4021-89a0-ae782ab48690,1.0,0,0,0.5243767112093135,10,1,True,True,0
363e4c22-aa94-4e95-99e3-83f0dc359458,1.0,0,0,0.827950607460825,10,1,True,True,0
83a2b231-a78a-4f27-911b-2d1eb5481e6a,1.0,0,0,0.23405869379700783,10,1,True,True,0
6cca34f3-31c7-4804-9929-7887745469a5,1.0,0,0,0.2188799672254732,10,1,True,True,0
134a1410-5a62-4317-98aa-943892098207,1.0,0,0,0.11436928510657096,10,1,True,True,0
7689b650-3480-4d23-9bc1-a1e5e93a703e,1.0,0,0,0.5469527249397336,10,1,True,True,0
4f659393-7511-4e2e-aeff-a8dc05aaa9cb,1.0,0,0,0.7356583129492981,10,1,True,True,0
30769829-4639-4f12-831d-66f1f57b1696,1.0,0,0,0.5762978393587224,10,1,True,True,0
2fa3d708-3796-4fe0-87f5-ce92a08d8ec2,1.0,0,0,0.790436130314101,10,1,True,False,0
